account_code,account_name,level,parent_code,statement_type,category,postable
1000000000.000,สินทรัพย์,1,,งบแสดงฐานะการเงิน,สินทรัพย์รวม,0
1100000000.000,สินทรัพย์หมุนเวียน,2,1000000000.000,งบแสดงฐานะการเงิน,สินทรัพย์หมุนเวียน,0
1101000000.000,เงินสดและรายการเทียบเท่าเงินสด,3,1100000000.000,งบแสดงฐานะการเงิน,สินทรัพย์หมุนเวียน,0
1101010000.000,เงินสดในมือ,4,1101000000.000,งบแสดงฐานะการเงิน,สินทรัพย์หมุนเวียน,0
1101010101.001,เงินสดในมือ,6,1101010100.000,งบแสดงฐานะการเงิน,สินทรัพย์หมุนเวียน,1
1101020000.000,เงินฝากคลังและสถาบันการเงิน,4,1101000000.000,งบแสดงฐานะการเงิน,สินทรัพย์หมุนเวียน,0
1101020500.000,เงินฝากคลังและหน่วยงานภาครัฐอนื่,5,1101020000.000,งบแสดงฐานะการเงิน,สินทรัพย์หมุนเวียน,0
1101020501.001,เงินฝากกระทรวงการคลัง,6,1101020500.000,งบแสดงฐานะการเงิน,สินทรัพย์หมุนเวียน,1
1101030000.000,เงินฝากและรายการเทียบเท่าเงนิ สดอนื่,4,1101000000.000,งบแสดงฐานะการเงิน,สินทรัพย์หมุนเวียน,0
1101030101.001,เงินฝากกระแสรายวันที่สถาบันการเงิน,6,1101030100.000,งบแสดงฐานะการเงิน,สินทรัพย์หมุนเวียน,1
1101030102.001,เงินฝากออมทรัพย์ที่สถาบัน,6,1101030100.000,งบแสดงฐานะการเงิน,สินทรัพย์หมุนเวียน,1
1101030199.001,เงินฝากประจำ-ระยะสั้น ไม่เกิน 3 เดือน,6,1101030100.000,งบแสดงฐานะการเงิน,สินทรัพย์หมุนเวียน,1
1102000000.000,ลูกหนี้หมุนเวียนและรายได้ค้างรับ,3,1100000000.000,งบแสดงฐานะการเงิน,สินทรัพย์หมุนเวียน,0
1102010000.000,ลูกหนี้เงินยืมและเงนิ ทดรองราชการ,4,1102000000.000,งบแสดงฐานะการเงิน,สินทรัพย์หมุนเวียน,0
1102010102.001,ลูกหนี้เงินยืม,6,1102010100.000,งบแสดงฐานะการเงิน,สินทรัพย์หมุนเวียน,1
1102010102.002,ลูกหนี้เงินยืมเงินสะสม,6,1102010100.000,งบแสดงฐานะการเงิน,สินทรัพย์หมุนเวียน,1
1102010102.003,ลูกหนี้เงินยืมเงินสะสมกิจการเฉพาะการ,6,1102010100.000,งบแสดงฐานะการเงิน,สินทรัพย์หมุนเวียน,1
1102030000.000,เงินให้กู้ยืม - บุคคลภายนอก,4,1102000000.000,งบแสดงฐานะการเงิน,สินทรัพย์หมุนเวียน,0
1102030102.001,เงินให้กู้ยืมระยะสั้น-เงินทุนโครงการเศรษฐกิจ,6,1102030100.000,งบแสดงฐานะการเงิน,สินทรัพย์หมุนเวียน,1
1102030102.002,ส่วนของเงินให้กู้ยืมระยะยาวที่ถึงกำหนดชำระ,6,1102030100.000,งบแสดงฐานะการเงิน,สินทรัพย์หมุนเวียน,1
1102030102.003,สัญญาเงินให้กู้ยืมที่จะถึงกำหนดชำระคืน,6,1102030100.000,งบแสดงฐานะการเงิน,สินทรัพย์หมุนเวียน,1
1102030102.997,ส่วนของเงินให้กู้ยืมระยะยาวที่ถึงกำหนดชำระ,6,1102030100.000,งบแสดงฐานะการเงิน,สินทรัพย์หมุนเวียน,1
1102030102.998,สัญญาเงินให้กู้ยืมที่จะถึงกำหนดชำระคืน,6,1102030100.000,งบแสดงฐานะการเงิน,สินทรัพย์หมุนเวียน,1
1102030102.999,เงินให้กู้ยืมระยะสั้น-อื่น,6,1102030100.000,งบแสดงฐานะการเงิน,สินทรัพย์หมุนเวียน,1
1102050000.000,ลูกหนี้หมุนเวียนและรายได้ค้างรับอื่น,4,1102000000.000,งบแสดงฐานะการเงิน,สินทรัพย์หมุนเวียน,0
1102050101.001,ลูกหนี้ค่าสินค้าและบริการ - หน่วยงานภาครัฐ,6,1102050100.000,งบแสดงฐานะการเงิน,สินทรัพย์หมุนเวียน,1
1102050102.001,ลูกหนี้ค่าสินค้าและบริการ - บุคคลภายนอก,6,1102050100.000,งบแสดงฐานะการเงิน,สินทรัพย์หมุนเวียน,1
1102050106.001,รายได้ค้างรับ - หน่วยงานภาครัฐ,6,1102050100.000,งบแสดงฐานะการเงิน,สินทรัพย์หมุนเวียน,1
1102050107.001,รายได้ค้างรับ - บุคคลภายนอก,6,1102050100.000,งบแสดงฐานะการเงิน,สินทรัพย์หมุนเวียน,1
1102050107.002,ดอกเบี้ยรับจำนำค้างรับ,6,1102050100.000,งบแสดงฐานะการเงิน,สินทรัพย์หมุนเวียน,1
1102050123.001,ค่าเผื่อหนี้สงสัยจะสูญ - ลูกหนี้ค่าสินค้า,6,1102050100.000,งบแสดงฐานะการเงิน,สินทรัพย์หมุนเวียน,1
1102050123.002,ค่าเผื่อหนี้สงสัยจะสูญ - ลูกหนี้ภาษีโรงเรือน,6,1102050100.000,งบแสดงฐานะการเงิน,สินทรัพย์หมุนเวียน,1
1102050123.003,ค่าเผื่อหนี้สงสัยจะสูญ - ลูกหนี้ภาษีบำรุงท้องที่,6,1102050100.000,งบแสดงฐานะการเงิน,สินทรัพย์หมุนเวียน,1
1102050123.004,ค่าเผื่อหนี้สงสัยจะสูญ - ลูกหนี้ภาษีป้าย,6,1102050100.000,งบแสดงฐานะการเงิน,สินทรัพย์หมุนเวียน,1
1102050123.005,ค่าเผื่อหนี้สงสัยจะสูญ - ลูกหนี้ภาษีที่ดิน,6,1102050100.000,งบแสดงฐานะการเงิน,สินทรัพย์หมุนเวียน,1
1102050123.006,ค่าเผื่อหนี้สงสัยจะสูญ - ลูกหนี้ค่ารักษาพยาบาล,6,1102050100.000,งบแสดงฐานะการเงิน,สินทรัพย์หมุนเวียน,1
1102050123.007,ค่าเผื่อหนี้สงสัยจะสูญ - ลูกหนี้ค่ารักษาพยาบาล,6,1102050100.000,งบแสดงฐานะการเงิน,สินทรัพย์หมุนเวียน,1
1102050123.008,ค่าเผื่อหนี้สงสัยจะสูญ - ลูกหนี้ค่ารักษาพยาบาล,6,1102050100.000,งบแสดงฐานะการเงิน,สินทรัพย์หมุนเวียน,1
1102050123.009,ค่าเผื่อหนี้สงสัยจะสูญ -,6,1102050100.000,งบแสดงฐานะการเงิน,สินทรัพย์หมุนเวียน,1
1102050123.010,ค่าเผื่อหนี้สงสัยจะสูญ -,6,1102050100.000,งบแสดงฐานะการเงิน,สินทรัพย์หมุนเวียน,1
1102050123.011,ค่าเผื่อหนี้สงสัยจะสูญ - ลูกหนี้ค่ารักษาพยาบาล,6,1102050100.000,งบแสดงฐานะการเงิน,สินทรัพย์หมุนเวียน,1
1102050123.012,ค่าเผื่อหนี้สงสัยจะสูญ - ลูกหนี้ค่ารักษาพยาบาล,6,1102050100.000,งบแสดงฐานะการเงิน,สินทรัพย์หมุนเวียน,1
1102050123.998,ค่าเผื่อหนี้สงสัยจะสูญ - ลูกหนี้ค่ารักษาพยาบาลอื่น,6,1102050100.000,งบแสดงฐานะการเงิน,สินทรัพย์หมุนเวียน,1
1102050123.999,ค่าเผื่อหนี้สงสัยจะสูญ - ลูกหนี้อื่น,6,1102050100.000,งบแสดงฐานะการเงิน,สินทรัพย์หมุนเวียน,1
1102050129.001,ลูกหนี้เงินมัดจำและเงินประกัน,6,1102050100.000,งบแสดงฐานะการเงิน,สินทรัพย์หมุนเวียน,1
1102050193.001,รายได้เงินอุดหนุนค้างรับ,6,1102050100.000,งบแสดงฐานะการเงิน,สินทรัพย์หมุนเวียน,1
1102050193.002,ลูกหนี้อื่น - กรมสรรพากร,6,1102050100.000,งบแสดงฐานะการเงิน,สินทรัพย์หมุนเวียน,1
1102050193.999,ลูกหนี้อื่น - หน่วยงานภาครัฐ,6,1102050100.000,งบแสดงฐานะการเงิน,สินทรัพย์หมุนเวียน,1
1102050194.001,ลูกหนี้ - ภาษีโรงเรือนและที่ดิน,6,1102050100.000,งบแสดงฐานะการเงิน,สินทรัพย์หมุนเวียน,1
1102050194.002,ลูกหนี้ - ภาษีบำรุงท้องที่,6,1102050100.000,งบแสดงฐานะการเงิน,สินทรัพย์หมุนเวียน,1
1102050194.003,ลูกหนี้ - ภาษีป้าย,6,1102050100.000,งบแสดงฐานะการเงิน,สินทรัพย์หมุนเวียน,1
1102050194.004,ลูกหนี้ - ภาษีที่ดินและสิ่งปลูกสร้าง,6,1102050100.000,งบแสดงฐานะการเงิน,สินทรัพย์หมุนเวียน,1
1102050194.005,ลูกหนี้ - ทรัพย์รับจำนำ,6,1102050100.000,งบแสดงฐานะการเงิน,สินทรัพย์หมุนเวียน,1
1102050194.006,ลูกหนี้ - ค่ารักษาพยาบาลสิทธิหลักประกัน,6,1102050100.000,งบแสดงฐานะการเงิน,สินทรัพย์หมุนเวียน,1
1102050194.007,ลูกหนี้ - ค่ารักษาพยาบาลสิทธิประกันสังคม,6,1102050100.000,งบแสดงฐานะการเงิน,สินทรัพย์หมุนเวียน,1
1102050194.008,ลูกหนี้ - ค่ารักษาพยาบาลสิทธิ พ.ร.บ.รถ,6,1102050100.000,งบแสดงฐานะการเงิน,สินทรัพย์หมุนเวียน,1
1102050194.009,ลูกหนี้ - ค่ารักษาพยาบาลสิทธิเบิกตรงต้นสังกัด,6,1102050100.000,งบแสดงฐานะการเงิน,สินทรัพย์หมุนเวียน,1
1102050194.010,ลูกหนี้ - ค่ารักษาพยาบาลสิทธิเบิกตรงต้นสังกัด,6,1102050100.000,งบแสดงฐานะการเงิน,สินทรัพย์หมุนเวียน,1
1102050194.011,ลูกหนี้ - ค่ารักษาพยาบาลสิทธิเบิกตรงต้นสังกัด,6,1102050100.000,งบแสดงฐานะการเงิน,สินทรัพย์หมุนเวียน,1
1102050194.012,ลูกหนี้ - ค่ารักษาพยาบาลสิทธิเบิกตรงต้นสังกัด,6,1102050100.000,งบแสดงฐานะการเงิน,สินทรัพย์หมุนเวียน,1
1102050194.998,ลูกหนี้ - ค่ารักษาพยาบาลอื่น,6,1102050100.000,งบแสดงฐานะการเงิน,สินทรัพย์หมุนเวียน,1
1102050194.999,ลูกหนี้อื่น - บุคคลภายนอก,6,1102050100.000,งบแสดงฐานะการเงิน,สินทรัพย์หมุนเวียน,1
1103000000.000,ลูกหนี้ระยะสั้นอื่น,3,1100000000.000,งบแสดงฐานะการเงิน,สินทรัพย์หมุนเวียน,0
1103020000.000,ลูกหนี้ระยะสั้นอื่น,4,1103000000.000,งบแสดงฐานะการเงิน,สินทรัพย์หมุนเวียน,0
1103020110.001,เงินรอรับคืน,6,1103020100.000,งบแสดงฐานะการเงิน,สินทรัพย์หมุนเวียน,1
1103020111.001,เงินจ่ายล่วงหน้า,6,1103020100.000,งบแสดงฐานะการเงิน,สินทรัพย์หมุนเวียน,1
1103020112.001,ลูกหนี้ความรับผิดทางแพ่ง,6,1103020100.000,งบแสดงฐานะการเงิน,สินทรัพย์หมุนเวียน,1
1103020115.001,ลูกหนี้ความรับผิดทางละเมิด,6,1103020100.000,งบแสดงฐานะการเงิน,สินทรัพย์หมุนเวียน,1
1104000000.000,เงินลงทนุ ระยะสั้น,3,1100000000.000,งบแสดงฐานะการเงิน,สินทรัพย์หมุนเวียน,0
1104010000.000,เงินลงทนุ ระยะสั้น,4,1104000000.000,งบแสดงฐานะการเงิน,สินทรัพย์หมุนเวียน,0
1104010100.000,เงินฝากประจำ,5,1104010000.000,งบแสดงฐานะการเงิน,สินทรัพย์หมุนเวียน,0
1104010101.001,เงินฝากประจำ-ระยะสั้น,6,1104010100.000,งบแสดงฐานะการเงิน,สินทรัพย์หมุนเวียน,1
1105000000.000,สินค้าและวัสดคุ งเหลือ,3,1100000000.000,งบแสดงฐานะการเงิน,สินทรัพย์หมุนเวียน,0
1105010101.001,วัตถุดิบ,6,1105010100.000,งบแสดงฐานะการเงิน,สินทรัพย์หมุนเวียน,1
1105010102.001,สินค้าระหว่างผลิต,6,1105010100.000,งบแสดงฐานะการเงิน,สินทรัพย์หมุนเวียน,1
1105010103.001,สินค้าสำเร็จรูป,6,1105010100.000,งบแสดงฐานะการเงิน,สินทรัพย์หมุนเวียน,1
1105010103.002,สินค้าเพื่อการบริจาค,6,1105010100.000,งบแสดงฐานะการเงิน,สินทรัพย์หมุนเวียน,1
1105010103.003,ทรัพย์หลุดจำนำ,6,1105010100.000,งบแสดงฐานะการเงิน,สินทรัพย์หมุนเวียน,1
1105010103.004,ยา,6,1105010100.000,งบแสดงฐานะการเงิน,สินทรัพย์หมุนเวียน,1
1105010103.005,วัสดุที่มีไว้ใช้เพื่อการแพทย์,6,1105010100.000,งบแสดงฐานะการเงิน,สินทรัพย์หมุนเวียน,1
1105010105.001,วัสดุคงคลัง,6,1105010100.000,งบแสดงฐานะการเงิน,สินทรัพย์หมุนเวียน,1
1106000000.000,สินทรัพย์หมุนเวียนอื่น,3,1100000000.000,งบแสดงฐานะการเงิน,สินทรัพย์หมุนเวียน,0
1106010103.001,ค่าใช้จ่ายจ่ายล่วงหน้า,6,1106010100.000,งบแสดงฐานะการเงิน,สินทรัพย์หมุนเวียน,1
1106010199.001,พักภาษีหัก ณ ที่จ่าย,6,1106010100.000,งบแสดงฐานะการเงิน,สินทรัพย์หมุนเวียน,1
1106010199.002,พักค่าปรับ,6,1106010100.000,งบแสดงฐานะการเงิน,สินทรัพย์หมุนเวียน,1
1106010199.003,ภาษีซื้อ,6,1106010100.000,งบแสดงฐานะการเงิน,สินทรัพย์หมุนเวียน,1
1106010199.004,ภาษีซื้อยังไม่ถึงกำหนดชำระ,6,1106010100.000,งบแสดงฐานะการเงิน,สินทรัพย์หมุนเวียน,1
1106010199.999,สินทรัพย์หมุนเวียนอื่น,6,1106010100.000,งบแสดงฐานะการเงิน,สินทรัพย์หมุนเวียน,1
1200000000.000,สินทรัพย์ไม่หมุนเวยี น,2,1000000000.000,งบแสดงฐานะการเงิน,สินทรัพย์ไม่หมุนเวียน,0
1201000000.000,ลูกหนี้ - ระยะยาว,3,1200000000.000,งบแสดงฐานะการเงิน,สินทรัพย์ไม่หมุนเวียน,0
1201030000.000,เงินให้กู้ยืมระยะยาว - บุคคลภายนอก,4,1201000000.000,งบแสดงฐานะการเงิน,สินทรัพย์ไม่หมุนเวียน,0
1201030102.001,เงินให้กู้ยืมระยะยาว-เงินทุนโครงการเศรษฐกิจ,6,1201030100.000,งบแสดงฐานะการเงิน,สินทรัพย์ไม่หมุนเวียน,1
1201030102.999,เงินให้กู้ยืมระยะยาว-อื่น,6,1201030100.000,งบแสดงฐานะการเงิน,สินทรัพย์ไม่หมุนเวียน,1
1201050116.000,ลูกหนี้อื่น - ระยะยาว,6,1201050100.000,งบแสดงฐานะการเงิน,สินทรัพย์ไม่หมุนเวียน,0
1201050118.001,ค่าเผื่อหนี้สงสัยจะสูญ - ลูกหนี้อื่นระยะยาว,6,1201050100.000,งบแสดงฐานะการเงิน,สินทรัพย์ไม่หมุนเวียน,1
1201050119.001,เงินขาดบัญชี,6,1201050100.000,งบแสดงฐานะการเงิน,สินทรัพย์ไม่หมุนเวียน,1
1201050198.999,ลูกหนี้อื่นระยะยาว,6,1201050100.000,งบแสดงฐานะการเงิน,สินทรัพย์ไม่หมุนเวียน,1
1203000000.000,เงินลงทนุ ระยะยาว,3,1200000000.000,งบแสดงฐานะการเงิน,สินทรัพย์ไม่หมุนเวียน,0
1203010000.000,เงินลงทนุ ระยะยาว,4,1203000000.000,งบแสดงฐานะการเงิน,สินทรัพย์ไม่หมุนเวียน,0
1203010100.000,เงินฝากประจำ - ระยะยาว,5,1203010000.000,งบแสดงฐานะการเงิน,สินทรัพย์ไม่หมุนเวียน,0
1203010101.001,เงินฝากประจำ-ระยะยาว,6,1203010100.000,งบแสดงฐานะการเงิน,สินทรัพย์ไม่หมุนเวียน,1
1203020000.000,เงินลงทนุ ระยะยาว - อื่น,4,1203000000.000,งบแสดงฐานะการเงิน,สินทรัพย์ไม่หมุนเวียน,0
1203020199.001,เงินฝากเงินทุนส่งเสริมกิจการองค์การบริหาร,6,1203020100.000,งบแสดงฐานะการเงิน,สินทรัพย์ไม่หมุนเวียน,1
1203020199.002,เงินฝากเงินทุนส่งเสริมกิจการเทศบาล,6,1203020100.000,งบแสดงฐานะการเงิน,สินทรัพย์ไม่หมุนเวียน,1
1203020199.003,เงินทุนส่งเสริมอาชีพ,6,1203020100.000,งบแสดงฐานะการเงิน,สินทรัพย์ไม่หมุนเวียน,1
1203020199.004,เงินฝากกองทุนอื่น ๆ,6,1203020100.000,งบแสดงฐานะการเงิน,สินทรัพย์ไม่หมุนเวียน,1
1203020199.005,หุ้นในโรงพิมพ์อาสารักษาดินแดน,6,1203020100.000,งบแสดงฐานะการเงิน,สินทรัพย์ไม่หมุนเวียน,1
1203020199.999,เงินลงทุนอื่น,6,1203020100.000,งบแสดงฐานะการเงิน,สินทรัพย์ไม่หมุนเวียน,1
1204000000.000,ที่ดิน,3,1200000000.000,งบแสดงฐานะการเงิน,สินทรัพย์ไม่หมุนเวียน,0
1204010000.000,ที่ดินมีกรรมสิทธิ์,4,1204000000.000,งบแสดงฐานะการเงิน,สินทรัพย์ไม่หมุนเวียน,0
1204010101.001,ที่ดิน,6,1204010100.000,งบแสดงฐานะการเงิน,สินทรัพย์ไม่หมุนเวียน,1
1204010103.001,ที่ดิน - ภายใต้สัญญาเช่าการเงิน,6,1204010100.000,งบแสดงฐานะการเงิน,สินทรัพย์ไม่หมุนเวียน,1
1204040000.000,ที่ดินไม่ระบุรายละเอียด,4,1204000000.000,งบแสดงฐานะการเงิน,สินทรัพย์ไม่หมุนเวียน,0
1204040101.001,ที่ดินไม่ระบุรายละเอียด,6,1204040100.000,งบแสดงฐานะการเงิน,สินทรัพย์ไม่หมุนเวียน,1
1205000000.000,อาคาร,3,1200000000.000,งบแสดงฐานะการเงิน,สินทรัพย์ไม่หมุนเวียน,0
1205010000.000,อาคารเพื่อการพักอาศัย,4,1205000000.000,งบแสดงฐานะการเงิน,สินทรัพย์ไม่หมุนเวียน,0
1205010101.001,อาคารเพื่อการพักอาศัย,6,1205010100.000,งบแสดงฐานะการเงิน,สินทรัพย์ไม่หมุนเวียน,1
1205010103.001,ค่าเสื่อมราคาสะสมอาคารเพื่อการพักอาศัย,6,1205010100.000,งบแสดงฐานะการเงิน,สินทรัพย์ไม่หมุนเวียน,1
1205020000.000,อาคารสำนักงาน,4,1205000000.000,งบแสดงฐานะการเงิน,สินทรัพย์ไม่หมุนเวียน,0
1205020101.001,อาคารสำนักงาน,6,1205020100.000,งบแสดงฐานะการเงิน,สินทรัพย์ไม่หมุนเวียน,1
1205020103.001,ค่าเสื่อมราคาสะสมอาคารสำนักงาน,6,1205020100.000,งบแสดงฐานะการเงิน,สินทรัพย์ไม่หมุนเวียน,1
1205030000.000,อาคารเพื่อประโยชน์อื่น,4,1205000000.000,งบแสดงฐานะการเงิน,สินทรัพย์ไม่หมุนเวียน,0
1205030101.001,อาคารเพื่อประโยชน์อื่น,6,1205030100.000,งบแสดงฐานะการเงิน,สินทรัพย์ไม่หมุนเวียน,1
1205030103.001,ค่าเสื่อมราคาสะสมอาคารเพื่อประโยชน์อื่น,6,1205030100.000,งบแสดงฐานะการเงิน,สินทรัพย์ไม่หมุนเวียน,1
1205030104.001,อาคาร - ภายใต้สัญญาเช่าการเงิน,6,1205030100.000,งบแสดงฐานะการเงิน,สินทรัพย์ไม่หมุนเวียน,1
1205030105.001,ค่าเสื่อมราคาสะสมอาคาร - ภายใต้สัญญาเช่า,6,1205030100.000,งบแสดงฐานะการเงิน,สินทรัพย์ไม่หมุนเวียน,1
1205030106.001,ส่วนปรับปรุงอาคาร,6,1205030100.000,งบแสดงฐานะการเงิน,สินทรัพย์ไม่หมุนเวียน,1
1205030108.001,ค่าเสื่อมราคาสะสมส่วนปรับปรุงอาคาร,6,1205030100.000,งบแสดงฐานะการเงิน,สินทรัพย์ไม่หมุนเวียน,1
1205040000.000,สิ่งปลูกสร้าง,4,1205000000.000,งบแสดงฐานะการเงิน,สินทรัพย์ไม่หมุนเวียน,0
1205040101.001,สิ่งปลูกสร้าง,6,1205040100.000,งบแสดงฐานะการเงิน,สินทรัพย์ไม่หมุนเวียน,1
1205040103.001,ค่าเสื่อมราคาสะสมสิ่งปลูกสร้าง,6,1205040100.000,งบแสดงฐานะการเงิน,สินทรัพย์ไม่หมุนเวียน,1
1205040104.001,สิ่งปลูกสร้าง - ภายใต้สัญญาเช่าการเงิน,6,1205040100.000,งบแสดงฐานะการเงิน,สินทรัพย์ไม่หมุนเวียน,1
1205040105.001,ค่าเสื่อมราคาสะสม - สิ่งปลูกสร้างภายใต้สัญญา,6,1205040100.000,งบแสดงฐานะการเงิน,สินทรัพย์ไม่หมุนเวียน,1
1205060000.000,อาคารและสิ่งปลูกสร้างไม่ระบุรายละเอียด,4,1205000000.000,งบแสดงฐานะการเงิน,สินทรัพย์ไม่หมุนเวียน,0
1205060101.001,อาคารและสิ่งปลูกสร้างไม่ระบุรายละเอียด,6,1205060100.000,งบแสดงฐานะการเงิน,สินทรัพย์ไม่หมุนเวียน,1
1205060102.001,ค่าเสื่อมราคาสะสมอาคารและสิ่งปลูกสร้าง,6,1205060100.000,งบแสดงฐานะการเงิน,สินทรัพย์ไม่หมุนเวียน,1
1206000000.000,ครุภัณฑ์,3,1200000000.000,งบแสดงฐานะการเงิน,สินทรัพย์ไม่หมุนเวียน,0
1206010000.000,ครุภัณฑ์สำนักงาน,4,1206000000.000,งบแสดงฐานะการเงิน,สินทรัพย์ไม่หมุนเวียน,0
1206010101.001,ครุภัณฑ์สำนักงาน,6,1206010100.000,งบแสดงฐานะการเงิน,สินทรัพย์ไม่หมุนเวียน,1
1206010102.001,พักครุภัณฑ์สำนักงาน,6,1206010100.000,งบแสดงฐานะการเงิน,สินทรัพย์ไม่หมุนเวียน,1
1206010103.001,ค่าเสื่อมราคาสะสมครุภัณฑ์สำนักงาน,6,1206010100.000,งบแสดงฐานะการเงิน,สินทรัพย์ไม่หมุนเวียน,1
1206020000.000,ครุภัณฑ์ยานพาหนะและขนส่ง,4,1206000000.000,งบแสดงฐานะการเงิน,สินทรัพย์ไม่หมุนเวียน,0
1206020101.001,ครุภัณฑ์ยานพาหนะและขนส่ง,6,1206020100.000,งบแสดงฐานะการเงิน,สินทรัพย์ไม่หมุนเวียน,1
1206020102.001,พักครุภัณฑ์ยานพาหนะและขนส่ง,6,1206020100.000,งบแสดงฐานะการเงิน,สินทรัพย์ไม่หมุนเวียน,1
1206020103.001,ค่าเสื่อมราคาสะสมครุภัณฑ์ยานพาหนะและ,6,1206020100.000,งบแสดงฐานะการเงิน,สินทรัพย์ไม่หมุนเวียน,1
1206030000.000,ครุภัณฑ์ไฟฟ้าและวิทยุ,4,1206000000.000,งบแสดงฐานะการเงิน,สินทรัพย์ไม่หมุนเวียน,0
1206030101.001,ครุภัณฑ์ไฟฟ้าและวิทยุ,6,1206030100.000,งบแสดงฐานะการเงิน,สินทรัพย์ไม่หมุนเวียน,1
1206030102.001,พักครุภัณฑ์ไฟฟ้าและวิทยุ,6,1206030100.000,งบแสดงฐานะการเงิน,สินทรัพย์ไม่หมุนเวียน,1
1206030103.001,ค่าเสื่อมราคาสะสมครุภัณฑ์ไฟฟ้าและวิทยุ,6,1206030100.000,งบแสดงฐานะการเงิน,สินทรัพย์ไม่หมุนเวียน,1
1206040000.000,ครุภัณฑ์โฆษณาและเผยแพร่,4,1206000000.000,งบแสดงฐานะการเงิน,สินทรัพย์ไม่หมุนเวียน,0
1206040101.001,ครุภัณฑ์โฆษณาและเผยแพร่,6,1206040100.000,งบแสดงฐานะการเงิน,สินทรัพย์ไม่หมุนเวียน,1
1206040102.001,พักครุภัณฑ์โฆษณาและเผยแพร่,6,1206040100.000,งบแสดงฐานะการเงิน,สินทรัพย์ไม่หมุนเวียน,1
1206040103.001,ค่าเสื่อมราคาสะสมครุภัณฑ์โฆษณาและเผยแพร่,6,1206040100.000,งบแสดงฐานะการเงิน,สินทรัพย์ไม่หมุนเวียน,1
1206050000.000,ครุภัณฑ์การเกษตร,4,1206000000.000,งบแสดงฐานะการเงิน,สินทรัพย์ไม่หมุนเวียน,0
1206050101.001,ครุภัณฑ์การเกษตร,6,1206050100.000,งบแสดงฐานะการเงิน,สินทรัพย์ไม่หมุนเวียน,1
1206050102.001,พักครุภัณฑ์การเกษตร,6,1206050100.000,งบแสดงฐานะการเงิน,สินทรัพย์ไม่หมุนเวียน,1
1206050103.001,ค่าเสื่อมราคาสะสมครุภัณฑ์การเกษตร,6,1206050100.000,งบแสดงฐานะการเงิน,สินทรัพย์ไม่หมุนเวียน,1
1206060000.000,ครุภัณฑ์โรงงาน,4,1206000000.000,งบแสดงฐานะการเงิน,สินทรัพย์ไม่หมุนเวียน,0
1206060101.001,ครุภัณฑ์โรงงาน,6,1206060100.000,งบแสดงฐานะการเงิน,สินทรัพย์ไม่หมุนเวียน,1
1206060102.001,พักครุภัณฑ์โรงงาน,6,1206060100.000,งบแสดงฐานะการเงิน,สินทรัพย์ไม่หมุนเวียน,1
1206060103.001,ค่าเสื่อมราคาสะสมครุภัณฑ์โรงงาน,6,1206060100.000,งบแสดงฐานะการเงิน,สินทรัพย์ไม่หมุนเวียน,1
1206070000.000,ครุภัณฑ์ก่อสร้าง,4,1206000000.000,งบแสดงฐานะการเงิน,สินทรัพย์ไม่หมุนเวียน,0
1206070101.001,ครุภัณฑ์ก่อสร้าง,6,1206070100.000,งบแสดงฐานะการเงิน,สินทรัพย์ไม่หมุนเวียน,1
1206070102.001,พักครุภัณฑ์ก่อสร้าง,6,1206070100.000,งบแสดงฐานะการเงิน,สินทรัพย์ไม่หมุนเวียน,1
1206070103.001,ค่าเสื่อมราคาสะสมครุภัณฑ์ก่อสร้าง,6,1206070100.000,งบแสดงฐานะการเงิน,สินทรัพย์ไม่หมุนเวียน,1
1206080000.000,ครุภัณฑ์สำรวจ,4,1206000000.000,งบแสดงฐานะการเงิน,สินทรัพย์ไม่หมุนเวียน,0
1206080101.001,ครุภัณฑ์สำรวจ,6,1206080100.000,งบแสดงฐานะการเงิน,สินทรัพย์ไม่หมุนเวียน,1
1206080102.001,พักครุภัณฑ์สำรวจ,6,1206080100.000,งบแสดงฐานะการเงิน,สินทรัพย์ไม่หมุนเวียน,1
1206080103.001,ค่าเสื่อมราคาสะสมครุภัณฑ์สำรวจ,6,1206080100.000,งบแสดงฐานะการเงิน,สินทรัพย์ไม่หมุนเวียน,1
1206090000.000,ครุภัณฑ์วิทยาศาสตร์และการแพทย์,4,1206000000.000,งบแสดงฐานะการเงิน,สินทรัพย์ไม่หมุนเวียน,0
1206090101.001,ครุภัณฑ์วิทยาศาสตร์และการแพทย์,6,1206090100.000,งบแสดงฐานะการเงิน,สินทรัพย์ไม่หมุนเวียน,1
1206090102.001,พักครุภัณฑ์วิทยาศาสตร์และการแพทย์,6,1206090100.000,งบแสดงฐานะการเงิน,สินทรัพย์ไม่หมุนเวียน,1
1206090103.001,ค่าเสื่อมราคาสะสมครุภัณฑ์วิทยาศาสตร์และ,6,1206090100.000,งบแสดงฐานะการเงิน,สินทรัพย์ไม่หมุนเวียน,1
1206100000.000,ครุภัณฑ์คอมพิวเตอร์,4,1206000000.000,งบแสดงฐานะการเงิน,สินทรัพย์ไม่หมุนเวียน,0
1206100101.001,ครุภัณฑ์คอมพิวเตอร์,6,1206100100.000,งบแสดงฐานะการเงิน,สินทรัพย์ไม่หมุนเวียน,1
1206100102.001,พักครุภัณฑ์คอมพิวเตอร์,6,1206100100.000,งบแสดงฐานะการเงิน,สินทรัพย์ไม่หมุนเวียน,1
1206100103.001,ค่าเสื่อมราคาสะสมครุภัณฑ์คอมพิวเตอร์,6,1206100100.000,งบแสดงฐานะการเงิน,สินทรัพย์ไม่หมุนเวียน,1
1206110000.000,ครุภัณฑ์การศึกษา,4,1206000000.000,งบแสดงฐานะการเงิน,สินทรัพย์ไม่หมุนเวียน,0
1206110101.001,ครุภัณฑ์การศึกษา,6,1206110100.000,งบแสดงฐานะการเงิน,สินทรัพย์ไม่หมุนเวียน,1
1206110102.001,พักครุภัณฑ์การศึกษา,6,1206110100.000,งบแสดงฐานะการเงิน,สินทรัพย์ไม่หมุนเวียน,1
1206110103.001,ค่าเสื่อมราคาสะสมครุภัณฑ์การศึกษา,6,1206110100.000,งบแสดงฐานะการเงิน,สินทรัพย์ไม่หมุนเวียน,1
1206120000.000,ครุภัณฑ์งานบ้านงานครัว,4,1206000000.000,งบแสดงฐานะการเงิน,สินทรัพย์ไม่หมุนเวียน,0
1206120101.001,ครุภัณฑ์งานบ้านงานครัว,6,1206120100.000,งบแสดงฐานะการเงิน,สินทรัพย์ไม่หมุนเวียน,1
1206120102.001,พักครุภัณฑ์งานบ้านงานครัว,6,1206120100.000,งบแสดงฐานะการเงิน,สินทรัพย์ไม่หมุนเวียน,1
1206120103.001,ค่าเสื่อมราคาสะสมครุภัณฑ์งานบ้านงานครัว,6,1206120100.000,งบแสดงฐานะการเงิน,สินทรัพย์ไม่หมุนเวียน,1
1206130000.000,ครุภัณฑ์กีฬา,4,1206000000.000,งบแสดงฐานะการเงิน,สินทรัพย์ไม่หมุนเวียน,0
1206130101.001,ครุภัณฑ์กีฬา,6,1206130100.000,งบแสดงฐานะการเงิน,สินทรัพย์ไม่หมุนเวียน,1
1206130102.001,พักครุภัณฑ์กีฬา,6,1206130100.000,งบแสดงฐานะการเงิน,สินทรัพย์ไม่หมุนเวียน,1
1206130103.001,ค่าเสื่อมราคาสะสมครุภัณฑ์กีฬา,6,1206130100.000,งบแสดงฐานะการเงิน,สินทรัพย์ไม่หมุนเวียน,1
1206140000.000,ครุภัณฑ์ดนตรี,4,1206000000.000,งบแสดงฐานะการเงิน,สินทรัพย์ไม่หมุนเวียน,0
1206140101.001,ครุภัณฑ์ดนตรี,6,1206140100.000,งบแสดงฐานะการเงิน,สินทรัพย์ไม่หมุนเวียน,1
1206140102.001,พักครุภัณฑ์ดนตรี,6,1206140100.000,งบแสดงฐานะการเงิน,สินทรัพย์ไม่หมุนเวียน,1
1206140103.001,ค่าเสื่อมราคาสะสมครุภัณฑ์ดนตรี,6,1206140100.000,งบแสดงฐานะการเงิน,สินทรัพย์ไม่หมุนเวียน,1
1206150000.000,ครุภัณฑ์สนาม,4,1206000000.000,งบแสดงฐานะการเงิน,สินทรัพย์ไม่หมุนเวียน,0
1206150101.001,ครุภัณฑ์สนาม,6,1206150100.000,งบแสดงฐานะการเงิน,สินทรัพย์ไม่หมุนเวียน,1
1206150102.001,พักครุภัณฑ์สนาม,6,1206150100.000,งบแสดงฐานะการเงิน,สินทรัพย์ไม่หมุนเวียน,1
1206150103.001,ค่าเสื่อมราคาสะสมครุภัณฑ์สนาม,6,1206150100.000,งบแสดงฐานะการเงิน,สินทรัพย์ไม่หมุนเวียน,1
1206160000.000,ครุภัณฑ์อื่น,4,1206000000.000,งบแสดงฐานะการเงิน,สินทรัพย์ไม่หมุนเวียน,0
1206160101.001,ครุภัณฑ์อื่น,6,1206160100.000,งบแสดงฐานะการเงิน,สินทรัพย์ไม่หมุนเวียน,1
1206160102.001,พักครุภัณฑ์อื่น,6,1206160100.000,งบแสดงฐานะการเงิน,สินทรัพย์ไม่หมุนเวียน,1
1206160103.001,ค่าเสื่อมราคาสะสมครุภัณฑ์อื่น,6,1206160100.000,งบแสดงฐานะการเงิน,สินทรัพย์ไม่หมุนเวียน,1
1206160104.001,ครุภัณฑ์ - ภายใต้สัญญา,6,1206160100.000,งบแสดงฐานะการเงิน,สินทรัพย์ไม่หมุนเวียน,1
1206160105.001,ค่าเสื่อมราคาสะสม -,6,1206160100.000,งบแสดงฐานะการเงิน,สินทรัพย์ไม่หมุนเวียน,1
1206180000.000,ครุภัณฑ์ไม่ระบุรายละเอียด,4,1206000000.000,งบแสดงฐานะการเงิน,สินทรัพย์ไม่หมุนเวียน,0
1206180101.001,ครุภัณฑ์ไม่ระบุรายละเอียด,6,1206180100.000,งบแสดงฐานะการเงิน,สินทรัพย์ไม่หมุนเวียน,1
1206180102.001,ค่าเสื่อมราคาสะสมครุภัณฑ์ไม่ระบุรายละเอียด,6,1206180100.000,งบแสดงฐานะการเงิน,สินทรัพย์ไม่หมุนเวียน,1
1208000000.000,สินทรัพย์โครงสร้างพื้นฐาน,3,1200000000.000,งบแสดงฐานะการเงิน,สินทรัพย์ไม่หมุนเวียน,0
1208010000.000,ถนน,4,1208000000.000,งบแสดงฐานะการเงิน,สินทรัพย์ไม่หมุนเวียน,0
1208010101.001,ถนน,6,1208010100.000,งบแสดงฐานะการเงิน,สินทรัพย์ไม่หมุนเวียน,1
1208010103.001,ค่าเสื่อมราคาสะสมถนน,6,1208010100.000,งบแสดงฐานะการเงิน,สินทรัพย์ไม่หมุนเวียน,1
1208020000.000,สะพาน,4,1208000000.000,งบแสดงฐานะการเงิน,สินทรัพย์ไม่หมุนเวียน,0
1208020101.001,สะพาน,6,1208020100.000,งบแสดงฐานะการเงิน,สินทรัพย์ไม่หมุนเวียน,1
1208020103.001,ค่าเสื่อมราคาสะสมสะพาน,6,1208020100.000,งบแสดงฐานะการเงิน,สินทรัพย์ไม่หมุนเวียน,1
1208030000.000,เขื่อน,4,1208000000.000,งบแสดงฐานะการเงิน,สินทรัพย์ไม่หมุนเวียน,0
1208030101.001,เขื่อน,6,1208030100.000,งบแสดงฐานะการเงิน,สินทรัพย์ไม่หมุนเวียน,1
1208030103.001,ค่าเสื่อมราคาสะสมเขื่อน,6,1208030100.000,งบแสดงฐานะการเงิน,สินทรัพย์ไม่หมุนเวียน,1
1208040000.000,อ่างเก็บน้ำ,4,1208000000.000,งบแสดงฐานะการเงิน,สินทรัพย์ไม่หมุนเวียน,0
1208040101.001,อ่างเก็บน้ำ,6,1208040100.000,งบแสดงฐานะการเงิน,สินทรัพย์ไม่หมุนเวียน,1
1208040103.001,ค่าเสื่อมราคาสะสมอ่างเก็บน้ำ,6,1208040100.000,งบแสดงฐานะการเงิน,สินทรัพย์ไม่หมุนเวียน,1
1208050000.000,สินทรัพย์โครงสร้างพื้นฐานอื่น,4,1208000000.000,งบแสดงฐานะการเงิน,สินทรัพย์ไม่หมุนเวียน,0
1208050101.001,สินทรัพย์โครงสร้างพื้นฐานอื่น,6,1208050100.000,งบแสดงฐานะการเงิน,สินทรัพย์ไม่หมุนเวียน,1
1208050103.001,ค่าเสื่อมราคาสะสมสินทรัพย์โครงสร้างพื้นฐานอื่น,6,1208050100.000,งบแสดงฐานะการเงิน,สินทรัพย์ไม่หมุนเวียน,1
1208070000.000,สินทรัพย์โครงสร้างพื้นฐานอื่นไม่ระบุรายละเอียด,4,1208000000.000,งบแสดงฐานะการเงิน,สินทรัพย์ไม่หมุนเวียน,0
1208070101.001,สินทรัพย์โครงสร้างพื้นฐานอื่นไม่ระบุ,6,1208070100.000,งบแสดงฐานะการเงิน,สินทรัพย์ไม่หมุนเวียน,1
1208070102.001,ค่าเสื่อมราคาสะสมสินทรัพย์โครงสร้างพื้นฐานอื่น,6,1208070100.000,งบแสดงฐานะการเงิน,สินทรัพย์ไม่หมุนเวียน,1
1209000000.000,สินทรัพย์ไม่มีตัวตน,3,1200000000.000,งบแสดงฐานะการเงิน,สินทรัพย์ไม่หมุนเวียน,0
1209010000.000,โปรแกรมคอมพิวเตอร์,4,1209000000.000,งบแสดงฐานะการเงิน,สินทรัพย์ไม่หมุนเวียน,0
1209010101.001,โปรแกรมคอมพิวเตอร์,6,1209010100.000,งบแสดงฐานะการเงิน,สินทรัพย์ไม่หมุนเวียน,1
1209010102.001,พักโปรแกรมคอมพิวเตอร์,6,1209010100.000,งบแสดงฐานะการเงิน,สินทรัพย์ไม่หมุนเวียน,1
1209010103.001,ค่าตัดจำหน่ายสะสมโปรแกรมคอมพิวเตอร์,6,1209010100.000,งบแสดงฐานะการเงิน,สินทรัพย์ไม่หมุนเวียน,1
1209010104.001,โปรแกรมคอมพิวเตอร์ - ภายใต้สัญญาเช่า,6,1209010100.000,งบแสดงฐานะการเงิน,สินทรัพย์ไม่หมุนเวียน,1
1209010105.001,ค่าตัดจำหน่ายสะสมโปรแกรมคอมพิวเตอร์ -,6,1209010100.000,งบแสดงฐานะการเงิน,สินทรัพย์ไม่หมุนเวียน,1
1209020000.000,สินทรัพย์ไม่มีตัวตนอื่น,4,1209000000.000,งบแสดงฐานะการเงิน,สินทรัพย์ไม่หมุนเวียน,0
1209020101.001,สินทรัพย์ไม่มีตัวตนอื่น,6,1209020100.000,งบแสดงฐานะการเงิน,สินทรัพย์ไม่หมุนเวียน,1
1209020102.001,พักสินทรัพย์ไม่มีตัวตนอื่น,6,1209020100.000,งบแสดงฐานะการเงิน,สินทรัพย์ไม่หมุนเวียน,1
1209020103.001,ค่าตัดจำหน่ายสะสมสินทรัพย์ไม่มีตัวตนอื่น,6,1209020100.000,งบแสดงฐานะการเงิน,สินทรัพย์ไม่หมุนเวียน,1
1209020104.001,สินทรัพย์ไม่มีตัวตนอื่น - ภายใต้สัญญาเช่า,6,1209020100.000,งบแสดงฐานะการเงิน,สินทรัพย์ไม่หมุนเวียน,1
1209020105.001,ค่าตัดจำหน่ายสะสมสินทรัพย์ไม่มีตัวตนอื่น-,6,1209020100.000,งบแสดงฐานะการเงิน,สินทรัพย์ไม่หมุนเวียน,1
1209040000.000,สินทรัพย์ไม่มีตัวตนไม่ระบุรายละเอียด,4,1209000000.000,งบแสดงฐานะการเงิน,สินทรัพย์ไม่หมุนเวียน,0
1209040101.001,สินทรัพย์ไม่มีตัวตนไม่ระบุรายละเอียด,6,1209040100.000,งบแสดงฐานะการเงิน,สินทรัพย์ไม่หมุนเวียน,1
1209040102.001,ค่าตัดจำหน่ายสะสมสินทรัพย์ไม่มีตัวตนไม่ระบุ,6,1209040100.000,งบแสดงฐานะการเงิน,สินทรัพย์ไม่หมุนเวียน,1
1211000000.000,งานระหว่างก่อสร้าง,3,1200000000.000,งบแสดงฐานะการเงิน,สินทรัพย์ไม่หมุนเวียน,0
1211010101.001,งานระหว่างก่อสร้าง,6,1211010100.000,งบแสดงฐานะการเงิน,สินทรัพย์ไม่หมุนเวียน,1
1212000000.000,บัญชีอสังหาริมทรพั ย์เพื่อการลงทุน,3,1200000000.000,งบแสดงฐานะการเงิน,สินทรัพย์ไม่หมุนเวียน,0
1212010101.001,อสังหาริมทรัพย์เพื่อการลงทุน,6,1212010100.000,งบแสดงฐานะการเงิน,สินทรัพย์ไม่หมุนเวียน,1
1212010102.001,ค่าเสื่อมราคาสะสม - อสังหาริมทรัพย์เพื่อการ,6,1212010100.000,งบแสดงฐานะการเงิน,สินทรัพย์ไม่หมุนเวียน,1
1213000000.000,สินทรัพย์ไม่หมุนเวยี นอื่น,3,1200000000.000,งบแสดงฐานะการเงิน,สินทรัพย์ไม่หมุนเวียน,0
1213010103.001,ค่าใช้จ่ายรอการตัดบัญชี,6,1213010100.000,งบแสดงฐานะการเงิน,สินทรัพย์ไม่หมุนเวียน,1
1213010105.001,สินทรัพย์รอการโอน,6,1213010100.000,งบแสดงฐานะการเงิน,สินทรัพย์ไม่หมุนเวียน,1
1213010199.001,สัตว์มีชีวิต,6,1213010100.000,งบแสดงฐานะการเงิน,สินทรัพย์ไม่หมุนเวียน,1
1213010199.002,พืชยืนต้น,6,1213010100.000,งบแสดงฐานะการเงิน,สินทรัพย์ไม่หมุนเวียน,1
1213010199.999,สินทรัพย์ไม่หมุนเวียนอื่น,6,1213010100.000,งบแสดงฐานะการเงิน,สินทรัพย์ไม่หมุนเวียน,1
2000000000.000,หนี้สิน,1,,งบแสดงฐานะการเงิน,หนี้สินรวม,0
2100000000.000,หนี้สินหมุนเวียน,2,2000000000.000,งบแสดงฐานะการเงิน,หนี้สินหมุนเวียน,0
2101000000.000,เจ้าหนี้,3,2100000000.000,งบแสดงฐานะการเงิน,หนี้สินหมุนเวียน,0
2101010000.000,เจ้าหนี้การค้า,4,2101000000.000,งบแสดงฐานะการเงิน,หนี้สินหมุนเวียน,0
2101010101.001,เจ้าหนี้การค้า - หน่วยงานภาครัฐ,6,2101010100.000,งบแสดงฐานะการเงิน,หนี้สินหมุนเวียน,1
2101010102.001,เจ้าหนี้การค้า - บุคคลภายนอก,6,2101010100.000,งบแสดงฐานะการเงิน,หนี้สินหมุนเวียน,1
2101020000.000,เจ้าหนี้อนื่,4,2101000000.000,งบแสดงฐานะการเงิน,หนี้สินหมุนเวียน,0
2101020198.001,เจ้าหนี้อื่น - กรมสรรพากร,6,2101020100.000,งบแสดงฐานะการเงิน,หนี้สินหมุนเวียน,1
2101020198.002,เจ้าหนี้อื่นชดใช้ค่าเสียหาย,6,2101020100.000,งบแสดงฐานะการเงิน,หนี้สินหมุนเวียน,1
2101020198.999,เจ้าหนี้อื่น - หน่วยงานภาครัฐ,6,2101020100.000,งบแสดงฐานะการเงิน,หนี้สินหมุนเวียน,1
2101020199.001,เจ้าหนี้ - ทรัพย์รับจำนำสูญหาย,6,2101020100.000,งบแสดงฐานะการเงิน,หนี้สินหมุนเวียน,1
2101020199.002,เจ้าหนี้ค่ารักษาพยาบาล-ประกันสุขภาพถ้วนหน้า,6,2101020100.000,งบแสดงฐานะการเงิน,หนี้สินหมุนเวียน,1
2101020199.003,เจ้าหนี้ค่ารักษาพยาบาล-ประกันสังคม,6,2101020100.000,งบแสดงฐานะการเงิน,หนี้สินหมุนเวียน,1
2101020199.004,เจ้าหนี้อื่นชดใช้ค่าเสียหายระยะสั้น -,6,2101020100.000,งบแสดงฐานะการเงิน,หนี้สินหมุนเวียน,1
2101020199.999,เจ้าหนี้อื่น - บุคคลภายนอก,6,2101020100.000,งบแสดงฐานะการเงิน,หนี้สินหมุนเวียน,1
2102000000.000,ค่าใช้จ่ายค้างจ่าย,3,2100000000.000,งบแสดงฐานะการเงิน,หนี้สินหมุนเวียน,0
2102020000.000,ดอกเบี้ยค้างจ่าย,4,2102000000.000,งบแสดงฐานะการเงิน,หนี้สินหมุนเวียน,0
2102020102.001,ดอกเบี้ยค้างจ่าย,6,2102020100.000,งบแสดงฐานะการเงิน,หนี้สินหมุนเวียน,1
2102040000.000,ค่าใช้จ่ายค้างจ่ายอื่น,4,2102000000.000,งบแสดงฐานะการเงิน,หนี้สินหมุนเวียน,0
2102040101.001,ค่าสาธารณูปโภคค้างจ่าย,6,2102040100.000,งบแสดงฐานะการเงิน,หนี้สินหมุนเวียน,1
2102040103.001,ภาษีหัก ณ ที่จ่ายรอนำส่ง -,6,2102040100.000,งบแสดงฐานะการเงิน,หนี้สินหมุนเวียน,1
2102040104.001,ภาษีหัก ณ ที่จ่ายรอนำส่ง -,6,2102040100.000,งบแสดงฐานะการเงิน,หนี้สินหมุนเวียน,1
2102040105.001,ภาษีหัก ณ ที่จ่ายรอนำส่ง -,6,2102040100.000,งบแสดงฐานะการเงิน,หนี้สินหมุนเวียน,1
2102040106.001,ภาษีหัก ณ ที่จ่ายรอนำส่ง -,6,2102040100.000,งบแสดงฐานะการเงิน,หนี้สินหมุนเวียน,1
2102040110.001,ใบสำคัญค้างจ่ายอื่น,6,2102040100.000,งบแสดงฐานะการเงิน,หนี้สินหมุนเวียน,1
2102040198.001,ค่าใช้จ่ายค้างจ่ายอื่น - หน่วยงานภาครัฐ,6,2102040100.000,งบแสดงฐานะการเงิน,หนี้สินหมุนเวียน,1
2102040199.001,ค่าจ้างและค่าตอบแทนค้างจ่าย,6,2102040100.000,งบแสดงฐานะการเงิน,หนี้สินหมุนเวียน,1
2102040199.999,ค่าใช้จ่ายค้างจ่ายอื่น - บุคคลภายนอก,6,2102040100.000,งบแสดงฐานะการเงิน,หนี้สินหมุนเวียน,1
2103000000.000,รายได้รับล่วงหน้า,3,2100000000.000,งบแสดงฐานะการเงิน,หนี้สินหมุนเวียน,0
2103010102.001,รายได้เงินอุดหนุนรับล่วงหน้า,6,2103010100.000,งบแสดงฐานะการเงิน,หนี้สินหมุนเวียน,1
2103010103.001,รายได้ค่าสินค้าและบริการรับล่วงหน้า,6,2103010100.000,งบแสดงฐานะการเงิน,หนี้สินหมุนเวียน,1
2103010103.002,รายได้ค่าภาษีรับล่วงหน้า,6,2103010100.000,งบแสดงฐานะการเงิน,หนี้สินหมุนเวียน,1
2103010104.001,รายได้จากเงินกู้ของรัฐบาลรับล่วงหน้า,6,2103010100.000,งบแสดงฐานะการเงิน,หนี้สินหมุนเวียน,1
2104000000.000,รายได้แผ่นดินรอนาํ ส่งคลัง,3,2100000000.000,งบแสดงฐานะการเงิน,หนี้สินหมุนเวียน,0
2104010101.001,เงินรับฝากรอส่งคืน,6,2104010100.000,งบแสดงฐานะการเงิน,หนี้สินหมุนเวียน,1
2106000000.000,เงินยืม - หน่วยงานภาครัฐ,3,2100000000.000,งบแสดงฐานะการเงิน,หนี้สินหมุนเวียน,0
2106010101.001,เงินยืม - กิจการเฉพาะการระยะสั้น,6,2106010100.000,งบแสดงฐานะการเงิน,หนี้สินหมุนเวียน,1
2108000000.000,ส่วนของเจ้าหนี้ตามสัญญาเช่าการเงินที่ถึงกำหนดชำระภายใน,3,2100000000.000,งบแสดงฐานะการเงิน,หนี้สินหมุนเวียน,0
2108010101.001,เจ้าหนี้ตามสัญญาเช่าการเงิน - ระยะสั้น,6,2108010100.000,งบแสดงฐานะการเงิน,หนี้สินหมุนเวียน,1
2109000000.000,รายได้รอการรับรู้,3,2100000000.000,งบแสดงฐานะการเงิน,หนี้สินหมุนเวียน,0
2109010102.001,รายได้ตามสัญญาเช่าการเงินรอการรับรู้ - ระยะสั้น,6,2109010100.000,งบแสดงฐานะการเงิน,หนี้สินหมุนเวียน,1
2109010199.001,รายได้รอการรับรู้ - ระยะสั้น,6,2109010100.000,งบแสดงฐานะการเงิน,หนี้สินหมุนเวียน,1
2110000000.000,เงินกู้ระยะสนั้,3,2100000000.000,งบแสดงฐานะการเงิน,หนี้สินหมุนเวียน,0
2110010000.000,เงินกู้สกุลเงินบาท,4,2110000000.000,งบแสดงฐานะการเงิน,หนี้สินหมุนเวียน,0
2110010200.000,เงินกู้ของหนว่ ยงาน,5,2110010000.000,งบแสดงฐานะการเงิน,หนี้สินหมุนเวียน,0
2110010202.001,เงินกู้ธนาคารกรุงไทย - ระยะสั้น,6,2110010200.000,งบแสดงฐานะการเงิน,หนี้สินหมุนเวียน,1
2110010202.002,เงินกู้ธนาคารออมสิน - ระยะสั้น,6,2110010200.000,งบแสดงฐานะการเงิน,หนี้สินหมุนเวียน,1
2110010202.003,เงินกู้ธนาคารเพื่อการเกษตรและสหกรณ์,6,2110010200.000,งบแสดงฐานะการเงิน,หนี้สินหมุนเวียน,1
2110010202.004,เงินกู้เงินทุนส่งเสริมกิจการองค์การบริหาร,6,2110010200.000,งบแสดงฐานะการเงิน,หนี้สินหมุนเวียน,1
2110010202.005,เงินกู้เงินทุนส่งเสริมกิจการเทศบาล - ระยะสั้น,6,2110010200.000,งบแสดงฐานะการเงิน,หนี้สินหมุนเวียน,1
2110010202.006,เงินกู้กองทุนพัฒนาเมืองในภูมิภาค - ระยะสั้น,6,2110010200.000,งบแสดงฐานะการเงิน,หนี้สินหมุนเวียน,1
2110010202.007,ส่วนของเงินกู้ยืมระยะยาวที่ถึงกำหนดชำระ,6,2110010200.000,งบแสดงฐานะการเงิน,หนี้สินหมุนเวียน,1
2110010202.008,ส่วนของเงินกู้ยืมระยะยาวที่ถึงกำหนดชำระ,6,2110010200.000,งบแสดงฐานะการเงิน,หนี้สินหมุนเวียน,1
2110010202.009,ส่วนของเงินกู้ยืมระยะยาวที่ถึงกำหนดชำระ,6,2110010200.000,งบแสดงฐานะการเงิน,หนี้สินหมุนเวียน,1
2110010202.010,ส่วนของเงินกู้ยืมระยะยาวที่ถึงกำหนดชำระ,6,2110010200.000,งบแสดงฐานะการเงิน,หนี้สินหมุนเวียน,1
2110010202.011,ส่วนของเงินกู้ยืมระยะยาวที่ถึงกำหนดชำระ,6,2110010200.000,งบแสดงฐานะการเงิน,หนี้สินหมุนเวียน,1
2110010202.012,ส่วนของเงินกู้ยืมระยะยาวที่ถึงกำหนดชำระ,6,2110010200.000,งบแสดงฐานะการเงิน,หนี้สินหมุนเวียน,1
2110010202.996,ส่วนของเงินกู้ระยะยาวที่ถึงกำหนดชำระ,6,2110010200.000,งบแสดงฐานะการเงิน,หนี้สินหมุนเวียน,1
2110010202.997,ส่วนของเงินกู้ระยะยาวที่ถึงกำหนดชำระ,6,2110010200.000,งบแสดงฐานะการเงิน,หนี้สินหมุนเวียน,1
2110010202.998,เงินกู้สถาบันการเงนิ อื่น ๆ - ระยะสั้น,6,2110010200.000,งบแสดงฐานะการเงิน,หนี้สินหมุนเวียน,1
2110010202.999,เงินกู้กองทุนอื่น ๆ - ระยะสั้น,6,2110010200.000,งบแสดงฐานะการเงิน,หนี้สินหมุนเวียน,1
2110010206.001,เงินเบิกเกินบัญชี (O/D),6,2110010200.000,งบแสดงฐานะการเงิน,หนี้สินหมุนเวียน,1
2111000000.000,เงินรับฝาก,3,2100000000.000,งบแสดงฐานะการเงิน,หนี้สินหมุนเวียน,0
2111020000.000,เงินรับฝากทั่วไป,4,2111000000.000,งบแสดงฐานะการเงิน,หนี้สินหมุนเวียน,0
2111020199.001,เงินรับฝาก ก.บ.ท.,6,2111020100.000,งบแสดงฐานะการเงิน,หนี้สินหมุนเวียน,1
2111020199.002,เงินรับฝาก กบข.,6,2111020100.000,งบแสดงฐานะการเงิน,หนี้สินหมุนเวียน,1
2111020199.003,เงินรับฝาก กสจ.,6,2111020100.000,งบแสดงฐานะการเงิน,หนี้สินหมุนเวียน,1
2111020199.004,เงินรับฝากประกันสังคม,6,2111020100.000,งบแสดงฐานะการเงิน,หนี้สินหมุนเวียน,1
2111020199.005,เงินรับฝากค่าใช้จ่ายอื่น,6,2111020100.000,งบแสดงฐานะการเงิน,หนี้สินหมุนเวียน,1
2111020199.006,เงินรับฝากเงินทุนโครงการเศรษฐกิจชุมชน -,6,2111020100.000,งบแสดงฐานะการเงิน,หนี้สินหมุนเวียน,1
2111020199.007,เงินรับฝากชดใช้ค่าเสียหาย,6,2111020100.000,งบแสดงฐานะการเงิน,หนี้สินหมุนเวียน,1
2111020199.008,เงินรับฝากค่าใช้จ่ายในการจัดเก็บภาษีบำรุง,6,2111020100.000,งบแสดงฐานะการเงิน,หนี้สินหมุนเวียน,1
2111020199.009,เงินรับฝากส่วนลดในการจัดเก็บภาษีบำรุง,6,2111020100.000,งบแสดงฐานะการเงิน,หนี้สินหมุนเวียน,1
2111020199.010,เงินรับฝากกองทุนหลักประกันสุขภาพถ้วนหน้า,6,2111020100.000,งบแสดงฐานะการเงิน,หนี้สินหมุนเวียน,1
2111020199.011,เงินรับฝากกองทุนประกันสังคม,6,2111020100.000,งบแสดงฐานะการเงิน,หนี้สินหมุนเวียน,1
2111020199.999,เงินรับฝากอื่น - ระยะสั้น,6,2111020100.000,งบแสดงฐานะการเงิน,หนี้สินหมุนเวียน,1
2112000000.000,เงินประกนั,3,2100000000.000,งบแสดงฐานะการเงิน,หนี้สินหมุนเวียน,0
2112010101.001,เงินประกันสัญญา - ระยะสั้น,6,2112010100.000,งบแสดงฐานะการเงิน,หนี้สินหมุนเวียน,1
2112010102.001,เงินประกันผลงาน - ระยะสั้น,6,2112010100.000,งบแสดงฐานะการเงิน,หนี้สินหมุนเวียน,1
2112010199.001,เงินประกันการเสนอราคา - ระยะสั้น,6,2112010100.000,งบแสดงฐานะการเงิน,หนี้สินหมุนเวียน,1
2112010199.002,เงินประกันสัญญาเช่าทรัพย์สิน - ระยะสั้น,6,2112010100.000,งบแสดงฐานะการเงิน,หนี้สินหมุนเวียน,1
2112010199.003,เงินประกันสัญญาเช่าอื่น ๆ - ระยะสั้น,6,2112010100.000,งบแสดงฐานะการเงิน,หนี้สินหมุนเวียน,1
2112010199.999,เงินประกันอื่น - ระยะสั้น,6,2112010100.000,งบแสดงฐานะการเงิน,หนี้สินหมุนเวียน,1
2115000000.000,ประมาณการหนี้สิน - ระยะสั้น,3,2100000000.000,งบแสดงฐานะการเงิน,หนี้สินหมุนเวียน,0
2115010199.001,ประมาณการหนี้สินอื่น - ระยะสั้น,6,2115010100.000,งบแสดงฐานะการเงิน,หนี้สินหมุนเวียน,1
2116000000.000,หนี้สินหมุนเวียนอนื่,3,2100000000.000,งบแสดงฐานะการเงิน,หนี้สินหมุนเวียน,0
2116010199.001,เงินรอตรวจสอบ,6,2116010100.000,งบแสดงฐานะการเงิน,หนี้สินหมุนเวียน,1
2116010199.002,เงินเกินบัญชี,6,2116010100.000,งบแสดงฐานะการเงิน,หนี้สินหมุนเวียน,1
2116010199.003,ภาษีขาย,6,2116010100.000,งบแสดงฐานะการเงิน,หนี้สินหมุนเวียน,1
2116010199.004,ภาษีขายยังไม่ถึงกำหนดชำระ,6,2116010100.000,งบแสดงฐานะการเงิน,หนี้สินหมุนเวียน,1
2116010199.999,หนี้สินหมุนเวียนอื่น,6,2116010100.000,งบแสดงฐานะการเงิน,หนี้สินหมุนเวียน,1
2200000000.000,หนี้สินไม่หมุนเวียน,2,2000000000.000,งบแสดงฐานะการเงิน,หนี้สินไม่หมุนเวียน,0
2203000000.000,เงินยืมระยะยาว,3,2200000000.000,งบแสดงฐานะการเงิน,หนี้สินไม่หมุนเวียน,0
2203010101.001,เงินยืม - กิจการเฉพาะการระยะยาว,6,2203010100.000,งบแสดงฐานะการเงิน,หนี้สินไม่หมุนเวียน,1
2205000000.000,เจ้าหนี้ตามสัญญาเช่าการเงิน - ระยะยาว,3,2200000000.000,งบแสดงฐานะการเงิน,หนี้สินไม่หมุนเวียน,0
2205010101.001,หนี้สินตามสัญญาเช่าการเงิน - ระยะยาว,6,2205010100.000,งบแสดงฐานะการเงิน,หนี้สินไม่หมุนเวียน,1
2206000000.000,เงินกู้ระยะยาว,3,2200000000.000,งบแสดงฐานะการเงิน,หนี้สินไม่หมุนเวียน,0
2206010000.000,เงินกู้สกุลบาท - ระยะยาว,4,2206000000.000,งบแสดงฐานะการเงิน,หนี้สินไม่หมุนเวียน,0
2206010200.000,เงินกู้ของหนว่ ยงาน - ระยะยาว,5,2206010000.000,งบแสดงฐานะการเงิน,หนี้สินไม่หมุนเวียน,0
2206010202.001,เงินกู้ธนาคารกรุงไทย - ระยะยาว,6,2206010200.000,งบแสดงฐานะการเงิน,หนี้สินไม่หมุนเวียน,1
2206010202.002,เงินกู้ธนาคารออมสิน - ระยะยาว,6,2206010200.000,งบแสดงฐานะการเงิน,หนี้สินไม่หมุนเวียน,1
2206010202.003,เงินกู้ธนาคารเพื่อการเกษตรและสหกรณ์,6,2206010200.000,งบแสดงฐานะการเงิน,หนี้สินไม่หมุนเวียน,1
2206010202.004,เงินกู้เงินทุนส่งเสริมกิจการองค์การบริหารส่วน,6,2206010200.000,งบแสดงฐานะการเงิน,หนี้สินไม่หมุนเวียน,1
2206010202.005,เงินกู้เงินทุนส่งเสริมกิจการเทศบาล,6,2206010200.000,งบแสดงฐานะการเงิน,หนี้สินไม่หมุนเวียน,1
2206010202.006,เงินกู้กองทุนพัฒนาเมืองในภูมิภาค,6,2206010200.000,งบแสดงฐานะการเงิน,หนี้สินไม่หมุนเวียน,1
2206010202.998,เงินกู้สถาบันการเงนิ อื่น ๆ - ระยะยาว,6,2206010200.000,งบแสดงฐานะการเงิน,หนี้สินไม่หมุนเวียน,1
2206010202.999,เงินกู้กองทุนอื่น ๆ - ระยะยาว,6,2206010200.000,งบแสดงฐานะการเงิน,หนี้สินไม่หมุนเวียน,1
2207000000.000,เงินรับฝาก - ระยะยาว,3,2200000000.000,งบแสดงฐานะการเงิน,หนี้สินไม่หมุนเวียน,0
2207020102.001,เงินรับฝากเงินทุนโครงการเศรษฐกิจชุมชน -,6,2207020100.000,งบแสดงฐานะการเงิน,หนี้สินไม่หมุนเวียน,1
2207020102.002,เงินรับฝากเงินสะสมและเงินสมทบพนักงาน,6,2207020100.000,งบแสดงฐานะการเงิน,หนี้สินไม่หมุนเวียน,1
2207020102.999,เงินรับฝากอื่น - ระยะยาว,6,2207020100.000,งบแสดงฐานะการเงิน,หนี้สินไม่หมุนเวียน,1
2208000000.000,เงินประกนั - ระยะยาว,3,2200000000.000,งบแสดงฐานะการเงิน,หนี้สินไม่หมุนเวียน,0
2208010101.001,เงินประกันสัญญา - ระยะยาว,6,2208010100.000,งบแสดงฐานะการเงิน,หนี้สินไม่หมุนเวียน,1
2208010102.001,เงินประกันผลงาน - ระยะยาว,6,2208010100.000,งบแสดงฐานะการเงิน,หนี้สินไม่หมุนเวียน,1
2208010103.001,เงินประกันสัญญาเช่าทรัพย์สิน - ระยะยาว,6,2208010100.000,งบแสดงฐานะการเงิน,หนี้สินไม่หมุนเวียน,1
2208010103.002,เงินประกันสัญญาเช่าอื่น ๆ - ระยะยาว,6,2208010100.000,งบแสดงฐานะการเงิน,หนี้สินไม่หมุนเวียน,1
2208010103.999,เงินประกันอื่น - ระยะยาว,6,2208010100.000,งบแสดงฐานะการเงิน,หนี้สินไม่หมุนเวียน,1
2211000000.000,ประมาณการหนี้สิน - ระยะยาว,3,2200000000.000,งบแสดงฐานะการเงิน,หนี้สินไม่หมุนเวียน,0
2211010199.001,ประมาณการหนี้สินอื่น - ระยะยาว,6,2211010100.000,งบแสดงฐานะการเงิน,หนี้สินไม่หมุนเวียน,1
2213000000.000,หนี้สินไม่หมุนเวียนอื่น,3,2200000000.000,งบแสดงฐานะการเงิน,หนี้สินไม่หมุนเวียน,0
2213010101.001,รายได้รอการรับรู้ - ระยะยาว,6,2213010100.000,งบแสดงฐานะการเงิน,หนี้สินไม่หมุนเวียน,1
2213010199.001,เจ้าหนี้อื่นชดใช้ค่าเสียหายระยะยาว - หน่วยงาน,6,2213010100.000,งบแสดงฐานะการเงิน,หนี้สินไม่หมุนเวียน,1
2213010199.002,เจ้าหนี้อื่นชดใช้ค่าเสียหายระยะยาว -,6,2213010100.000,งบแสดงฐานะการเงิน,หนี้สินไม่หมุนเวียน,1
2213010199.999,หนี้สินไม่หมุนเวียนอื่น,6,2213010100.000,งบแสดงฐานะการเงิน,หนี้สินไม่หมุนเวียน,1
3000000000.000,ส่วนทนุ,1,,งบแสดงฐานะการเงิน,สินทรัพย์สุทธิ_ส่วนทุน,0
3100000000.000,ส่วนได้เสียของเจ้าของ,2,3000000000.000,งบแสดงฐานะการเงิน,สินทรัพย์สุทธิ_ส่วนทุน,0
3101000000.000,รายได้สูง/(ต่ำ) กว่าค่าใช้จ่ายสุทธิ,3,3100000000.000,งบแสดงฐานะการเงิน,สินทรัพย์สุทธิ_ส่วนทุน,0
3101010101.001,รายได้สูง/(ต่ำ) กว่าค่าใช้จ่ายสุทธิ,6,3101010100.000,งบแสดงฐานะการเงิน,สินทรัพย์สุทธิ_ส่วนทุน,1
3101010101.002,กำไร/ขาดทุนสุทธิ,6,3101010100.000,งบแสดงฐานะการเงิน,สินทรัพย์สุทธิ_ส่วนทุน,1
3102000000.000,รายได้สูง /(ต่ำ) กว่าค่าใช้จ่ายสะสม,3,3100000000.000,งบแสดงฐานะการเงิน,สินทรัพย์สุทธิ_ส่วนทุน,0
3102010101.001,เงินสะสม,6,3102010100.000,งบแสดงฐานะการเงิน,สินทรัพย์สุทธิ_ส่วนทุน,1
3102010101.002,เงินทุนสำรองเงินสะสม,6,3102010100.000,งบแสดงฐานะการเงิน,สินทรัพย์สุทธิ_ส่วนทุน,1
3102010101.003,รายได้สะสม,6,3102010100.000,งบแสดงฐานะการเงิน,สินทรัพย์สุทธิ_ส่วนทุน,1
3102010101.004,ทุนดำเนินการ,6,3102010100.000,งบแสดงฐานะการเงิน,สินทรัพย์สุทธิ_ส่วนทุน,1
3102010101.005,กำไร/ขาดทุนสะสม,6,3102010100.000,งบแสดงฐานะการเงิน,สินทรัพย์สุทธิ_ส่วนทุน,1
3102010101.006,เงินทำนุบำรุงท้องถนิ่,6,3102010100.000,งบแสดงฐานะการเงิน,สินทรัพย์สุทธิ_ส่วนทุน,1
3102010101.007,เงินบำเหน็จรางวัล,6,3102010100.000,งบแสดงฐานะการเงิน,สินทรัพย์สุทธิ_ส่วนทุน,1
3102010102.001,ผลสะสมจากการแก้ไข,6,3102010100.000,งบแสดงฐานะการเงิน,สินทรัพย์สุทธิ_ส่วนทุน,1
3102010107.001,ผลสะสมจากการ,6,3102010100.000,งบแสดงฐานะการเงิน,สินทรัพย์สุทธิ_ส่วนทุน,1
3103000000.000,กำไรขาดทุนที่ยังไม่เกิดขึ้นจากการปรับมูลค่าสินทรัพย์,3,3100000000.000,งบแสดงฐานะการเงิน,สินทรัพย์สุทธิ_ส่วนทุน,0
3103010102.001,กำไร/ขาดทุนที่ยังไม่เกิดขึ้นของเงินลงทุน,6,3103010100.000,งบแสดงฐานะการเงิน,สินทรัพย์สุทธิ_ส่วนทุน,1
3103010199.001,กำไร/ขาดทุนที่ยังไม่เกิดขึ้นจากการปรับมูลค่า,6,3103010100.000,งบแสดงฐานะการเงิน,สินทรัพย์สุทธิ_ส่วนทุน,1
3105000000.000,บัญชีทุน,3,3100000000.000,งบแสดงฐานะการเงิน,สินทรัพย์สุทธิ_ส่วนทุน,0
3105010102.001,ทุนเพิ่ม/ลด หมายถงึ ทุนขององค์กรปกครองส่วนท้องถิ่น และหนว่ ยงานภายใต้สังกัด,6,3105010100.000,งบแสดงฐานะการเงิน,สินทรัพย์สุทธิ_ส่วนทุน,1
4000000000.000,รายได้,1,,งบแสดงผลการดำเนินงาน,รายได้,0
4400000000.000,รายได้ขององค์กรปกครองส่วนท้องถิ่น,2,4000000000.000,งบแสดงผลการดำเนินงาน,รายได้,0
4401000000.000,รายได้จัดเก็บเองขององค์กรปกครองส่วนท้องถิ่น,3,4400000000.000,งบแสดงผลการดำเนินงาน,รายได้,0
4401010000.000,รายได้ภาษี,4,4401000000.000,งบแสดงผลการดำเนินงาน,รายได้,0
4401010101.001,รายได้ภาษีโรงเรือนและที่ดิน,6,4401010100.000,งบแสดงผลการดำเนินงาน,รายได้,1
4401010102.001,รายได้ภาษีบำรุงท้องที่,6,4401010100.000,งบแสดงผลการดำเนินงาน,รายได้,1
4401010103.001,รายได้ภาษีป้าย,6,4401010100.000,งบแสดงผลการดำเนินงาน,รายได้,1
4401010104.001,รายได้ภาษีที่ดินและสิ่งปลูกสร้าง,6,4401010100.000,งบแสดงผลการดำเนินงาน,รายได้,1
4401010105.001,รายได้ภาษีบำรุง อบจ. จากการค้ายาสูบ,6,4401010100.000,งบแสดงผลการดำเนินงาน,รายได้,1
4401010106.001,รายได้ภาษีบำรุง อบจ. จากการค้าน้ำมัน/ก๊าซ,6,4401010100.000,งบแสดงผลการดำเนินงาน,รายได้,1
4401010107.001,รายได้ค่าธรรมเนียมบำรุง อบจ. จากผู้เข้าพัก,6,4401010100.000,งบแสดงผลการดำเนินงาน,รายได้,1
4401010108.001,รายได้ภาษีเพื่อการศึกษา,6,4401010100.000,งบแสดงผลการดำเนินงาน,รายได้,1
4401010198.001,ปรับมูลค่ารายได้ค่าภาษี,6,4401010100.000,งบแสดงผลการดำเนินงาน,รายได้,1
4401010199.001,รายได้ภาษีอื่น ๆ,6,4401010100.000,งบแสดงผลการดำเนินงาน,รายได้,1
4401020000.000,รายได้อากร,4,4401000000.000,งบแสดงผลการดำเนินงาน,รายได้,0
4401020101.001,รายได้อากรการฆ่าสัตว์,6,4401020100.000,งบแสดงผลการดำเนินงาน,รายได้,1
4401020102.001,รายได้อากรรังนกอีแอ่น,6,4401020100.000,งบแสดงผลการดำเนินงาน,รายได้,1
4401030000.000,รายได้ค่าธรรมเนียม,4,4401000000.000,งบแสดงผลการดำเนินงาน,รายได้,0
4401030101.001,รายได้ค่าธรรมเนียมใบอนุญาตประกอบกิจการ,6,4401030100.000,งบแสดงผลการดำเนินงาน,รายได้,1
4401030102.001,รายได้ค่าธรรมเนียมการรับรองให้จำหน่าย,6,4401030100.000,งบแสดงผลการดำเนินงาน,รายได้,1
4401030103.001,รายได้ค่าธรรมเนียมใบอนุญาต,6,4401030100.000,งบแสดงผลการดำเนินงาน,รายได้,1
4401030104.001,รายได้ค่าธรรมเนียมเกี่ยวกับใบอนุญาตการพนัน,6,4401030100.000,งบแสดงผลการดำเนินงาน,รายได้,1
4401030105.001,รายได้ค่าธรรมเนียมเกี่ยวกับการควบคมุ อาคาร,6,4401030100.000,งบแสดงผลการดำเนินงาน,รายได้,1
4401030106.001,รายได้ค่าธรรมเนียมเก็บและขนมูลฝอย,6,4401030100.000,งบแสดงผลการดำเนินงาน,รายได้,1
4401030107.001,รายได้ค่าธรรมเนียมเก็บขนอุจจาระหรือสิ่ง,6,4401030100.000,งบแสดงผลการดำเนินงาน,รายได้,1
4401030108.001,รายได้ค่าธรรมเนียมในการออกหนังสือรับรอง,6,4401030100.000,งบแสดงผลการดำเนินงาน,รายได้,1
4401030109.001,รายได้ค่าธรรมเนียมเกี่ยวกับสุสานและฌาปน,6,4401030100.000,งบแสดงผลการดำเนินงาน,รายได้,1
4401030110.001,รายได้ค่าธรรมเนียมปิด โปรย ติดตั้งแผ่น,6,4401030100.000,งบแสดงผลการดำเนินงาน,รายได้,1
4401030111.001,รายได้ค่าธรรมเนียมเกี่ยวกับทะเบียนราษฎร,6,4401030100.000,งบแสดงผลการดำเนินงาน,รายได้,1
4401030112.001,รายได้ค่าธรรมเนียมเกี่ยวกับบัตรประจำตัว,6,4401030100.000,งบแสดงผลการดำเนินงาน,รายได้,1
4401030113.001,รายได้ค่าธรรมเนียมการฉีดวัคซีน / ใบรับรอง,6,4401030100.000,งบแสดงผลการดำเนินงาน,รายได้,1
4401030114.001,รายได้ค่าธรรมเนียมเกี่ยวกับโรคพิษสุนัขบ้า,6,4401030100.000,งบแสดงผลการดำเนินงาน,รายได้,1
4401030115.001,รายได้ค่าธรรมเนียมเครื่องหมายประจำตัวสัตว์,6,4401030100.000,งบแสดงผลการดำเนินงาน,รายได้,1
4401030116.001,รายได้ค่าธรรมเนียมตามประมวลกฎหมายที่ดิน,6,4401030100.000,งบแสดงผลการดำเนินงาน,รายได้,1
4401030117.001,รายได้ค่าธรรมเนียมการขอรับใบอนุญาต,6,4401030100.000,งบแสดงผลการดำเนินงาน,รายได้,1
4401030118.001,รายได้ค่าธรรมเนียมใบอนุญาตเป็นผู้มีสิทธิ,6,4401030100.000,งบแสดงผลการดำเนินงาน,รายได้,1
4401030119.001,รายได้ค่าธรรมเนียมคำขอรับใบอนุญาต,6,4401030100.000,งบแสดงผลการดำเนินงาน,รายได้,1
4401030120.001,รายได้ค่าธรรมเนียมใบอนุญาตเป็นผู้ควบคุม,6,4401030100.000,งบแสดงผลการดำเนินงาน,รายได้,1
4401030121.001,รายได้ค่าธรรมเนียมคำขอรับใบอนุญาต,6,4401030100.000,งบแสดงผลการดำเนินงาน,รายได้,1
4401030122.001,รายได้ค่าธรรมเนียมเป็นผู้รับจ้างให้บริการ,6,4401030100.000,งบแสดงผลการดำเนินงาน,รายได้,1
4401030123.001,รายได้ค่าธรรมเนียมการแพทย์,6,4401030100.000,งบแสดงผลการดำเนินงาน,รายได้,1
4401030124.001,รายได้ค่าธรรมเนียมเกี่ยวกับการส่งเสริม,6,4401030100.000,งบแสดงผลการดำเนินงาน,รายได้,1
4401030125.001,รายได้ค่าธรรมเนียมเกี่ยวกับ,6,4401030100.000,งบแสดงผลการดำเนินงาน,รายได้,1
4401030126.001,รายได้ค่าธรรมเนียมเกี่ยวกับ,6,4401030100.000,งบแสดงผลการดำเนินงาน,รายได้,1
4401030127.001,รายได้ค่าธรรมเนียมเกี่ยวกับทะเบียนพาณิชย์,6,4401030100.000,งบแสดงผลการดำเนินงาน,รายได้,1
4401030128.001,รายได้ค่าธรรมเนียมกำจัดขยะมูลฝอย,6,4401030100.000,งบแสดงผลการดำเนินงาน,รายได้,1
4401030129.001,รายได้ค่าธรรมเนียมใบอนุญาตประกอบกิจการ,6,4401030100.000,งบแสดงผลการดำเนินงาน,รายได้,1
4401030130.001,รายได้ค่าธรรมเนียมใบอนุญาต,6,4401030100.000,งบแสดงผลการดำเนินงาน,รายได้,1
4401030133.001,รายได้ค่าธรรมเนียมการประกอบกิจการโรงงาน,6,4401030100.000,งบแสดงผลการดำเนินงาน,รายได้,1
4401030134.001,รายได้ค่าธรรมเนียมเกี่ยวกับ,6,4401030100.000,งบแสดงผลการดำเนินงาน,รายได้,1
4401030135.001,รายได้ค่าธรรมเนียมสำหรับสิ่งล่วงล้ำลำน้ำ,6,4401030100.000,งบแสดงผลการดำเนินงาน,รายได้,1
4401030136.001,รายได้ค่าธรรมเนียมรักษาความสะอาด,6,4401030100.000,งบแสดงผลการดำเนินงาน,รายได้,1
4401030137.001,รายได้ค่าธรรมเนียมการสมัครรับเลือกตั้งสมาชิก,6,4401030100.000,งบแสดงผลการดำเนินงาน,รายได้,1
4401030199.001,รายได้ค่าธรรมเนียมอื่น,6,4401030100.000,งบแสดงผลการดำเนินงาน,รายได้,1
4401040000.000,รายได้ค่าปรับ,4,4401000000.000,งบแสดงผลการดำเนินงาน,รายได้,0
4401040101.001,รายได้ค่าปรับผู้กระทำความผิดกฎหมาย,6,4401040100.000,งบแสดงผลการดำเนินงาน,รายได้,1
4401040102.001,รายได้ค่าปรับจากการกระทำผิด พ.ร.บ. จราจร,6,4401040100.000,งบแสดงผลการดำเนินงาน,รายได้,1
4401040103.001,รายได้ค่าปรับผู้กระทำผิดกฎหมายการป้องกัน,6,4401040100.000,งบแสดงผลการดำเนินงาน,รายได้,1
4401040104.001,รายได้ค่าปรับผู้กระทำผิดกฎหมายรักษา,6,4401040100.000,งบแสดงผลการดำเนินงาน,รายได้,1
4401040105.001,รายได้ค่าปรับผู้กระทำผิดกฎหมาย,6,4401040100.000,งบแสดงผลการดำเนินงาน,รายได้,1
4401040106.001,รายได้ค่าปรับผู้กระทำผิดกฎหมาย,6,4401040100.000,งบแสดงผลการดำเนินงาน,รายได้,1
4401040107.001,รายได้ค่าปรับผู้กระทำผิดกฎหมายว่าด้วย,6,4401040100.000,งบแสดงผลการดำเนินงาน,รายได้,1
4401040108.001,รายได้ค่าปรับผู้กระทำผิดกฎหมายโรคพษิ สุนัขบ้า,6,4401040100.000,งบแสดงผลการดำเนินงาน,รายได้,1
4401040109.001,รายได้ค่าปรับผู้กระทำผิดกฎหมายและข้อบังคับ,6,4401040100.000,งบแสดงผลการดำเนินงาน,รายได้,1
4401040110.001,รายได้ค่าปรับการผิดสัญญา,6,4401040100.000,งบแสดงผลการดำเนินงาน,รายได้,1
4401040111.001,รายได้ค่าปรับผู้กระทำความผิดกฎหมาย,6,4401040100.000,งบแสดงผลการดำเนินงาน,รายได้,1
4401040112.001,รายได้ค่าปรับผู้กระทำผิดกฎหมายหอพัก,6,4401040100.000,งบแสดงผลการดำเนินงาน,รายได้,1
4401040199.001,รายได้ค่าปรับอื่น,6,4401040100.000,งบแสดงผลการดำเนินงาน,รายได้,1
4401050000.000,รายได้ใบอนุญาต,4,4401000000.000,งบแสดงผลการดำเนินงาน,รายได้,0
4401050101.001,รายได้ค่าใบอนุญาตรับทำการเก็บขนสิ่งปฏิกูล,6,4401050100.000,งบแสดงผลการดำเนินงาน,รายได้,1
4401050102.001,รายได้ค่าใบอนุญาตรับทำการกำจัดสิ่งปฏิกูล,6,4401050100.000,งบแสดงผลการดำเนินงาน,รายได้,1
4401050103.001,รายได้ค่าใบอนุญาตประกอบการค้าสำหรับ,6,4401050100.000,งบแสดงผลการดำเนินงาน,รายได้,1
4401050104.001,รายได้ค่าใบอนุญาตจัดตั้งสถานที่จำหน่ายอาหาร,6,4401050100.000,งบแสดงผลการดำเนินงาน,รายได้,1
4401050105.001,รายได้ค่าใบอนุญาตจำหน่ายสินค้าในที่,6,4401050100.000,งบแสดงผลการดำเนินงาน,รายได้,1
4401050106.001,รายได้ค่าใบอนุญาตจัดตั้งตลาดเอกชน,6,4401050100.000,งบแสดงผลการดำเนินงาน,รายได้,1
4401050107.001,รายได้ค่าใบอนุญาตเกี่ยวกับการควบคุมอาคาร,6,4401050100.000,งบแสดงผลการดำเนินงาน,รายได้,1
4401050108.001,รายได้ค่าใบอนุญาตเกี่ยวกับการโฆษณาโดยใช้,6,4401050100.000,งบแสดงผลการดำเนินงาน,รายได้,1
4401050109.001,รายได้ค่าใบอนุญาตสำหรับ,6,4401050100.000,งบแสดงผลการดำเนินงาน,รายได้,1
4401050199.001,รายได้ค่าใบอนุญาตอื่น ๆ,6,4401050100.000,งบแสดงผลการดำเนินงาน,รายได้,1
4401060000.000,รายได้จากค่าเช่า,4,4401000000.000,งบแสดงผลการดำเนินงาน,รายได้,0
4401060101.001,รายได้ค่าเช่าที่ดิน,6,4401060100.000,งบแสดงผลการดำเนินงาน,รายได้,1
4401060102.001,รายได้ค่าเช่าหรือบริการ,6,4401060100.000,งบแสดงผลการดำเนินงาน,รายได้,1
4401060199.001,รายได้ค่าเช่าอื่น ๆ,6,4401060100.000,งบแสดงผลการดำเนินงาน,รายได้,1
4401070000.000,รายได้ดอกเบี้ยหรือเงินปนั ผล,4,4401000000.000,งบแสดงผลการดำเนินงาน,รายได้,0
4401070101.001,รายได้ดอกเบี้ยเงินฝากที่สถาบันการเงิน,6,4401070100.000,งบแสดงผลการดำเนินงาน,รายได้,1
4401070102.001,รายได้ดอกเบี้ยเงินลงทุน,6,4401070100.000,งบแสดงผลการดำเนินงาน,รายได้,1
4401070103.001,รายได้ดอกเบี้ยอื่น,6,4401070100.000,งบแสดงผลการดำเนินงาน,รายได้,1
4401070104.001,รายได้เงินปันผล,6,4401070100.000,งบแสดงผลการดำเนินงาน,รายได้,1
4401070105.001,รายได้ค่าตอบแทนตามที่กฎหมายกำหนด,6,4401070100.000,งบแสดงผลการดำเนินงาน,รายได้,1
4401070106.001,รายได้จากการจัดสรรกำไรของหน่วยงาน,6,4401070100.000,งบแสดงผลการดำเนินงาน,รายได้,1
4401070199.001,รายได้จากทรัพย์สินอื่น,6,4401070100.000,งบแสดงผลการดำเนินงาน,รายได้,1
4401080000.000,รายได้จากกิจการเฉพาะการ,4,4401000000.000,งบแสดงผลการดำเนินงาน,รายได้,0
4401080001.001,รายได้ระหว่างหน่วยงาน -,6,4401080000.000,งบแสดงผลการดำเนินงาน,รายได้,1
4401080002.001,รายได้ระหว่างหน่วยงาน -,6,4401080000.000,งบแสดงผลการดำเนินงาน,รายได้,1
4401080004.001,รายได้ระหว่างหน่วยงาน - หน่วยงานภายใต้,6,4401080000.000,งบแสดงผลการดำเนินงาน,รายได้,1
4401080005.001,รายได้หรือเงินสะสมจากการโอนกิจการ,6,4401080000.000,งบแสดงผลการดำเนินงาน,รายได้,1
4401080006.001,รายได้ระหว่างหน่วยงาน -,6,4401080000.000,งบแสดงผลการดำเนินงาน,รายได้,1
4401090000.000,รายได้จากการขายสินค้าและบริการ,4,4401000000.000,งบแสดงผลการดำเนินงาน,รายได้,0
4401090100.000,รายได้จากการขายสินค้า,5,4401090000.000,งบแสดงผลการดำเนินงาน,รายได้,0
4401090101.001,รายได้จากประปา,6,4401090100.000,งบแสดงผลการดำเนินงาน,รายได้,1
4401090198.001,รายได้จากสาธารณูปโภคอื่น,6,4401090100.000,งบแสดงผลการดำเนินงาน,รายได้,1
4401090199.001,รายได้จากการขายสินค้าอื่น,6,4401090100.000,งบแสดงผลการดำเนินงาน,รายได้,1
4401090200.000,รายได้จากการให้บริการ,5,4401090000.000,งบแสดงผลการดำเนินงาน,รายได้,0
4401090201.001,รายได้ค่าธรรมเนียมในการใช้เครื่องมือบังคับ,6,4401090200.000,งบแสดงผลการดำเนินงาน,รายได้,1
4401090202.001,รายได้ค่าธรรมเนียมจอดรถในที่จอดรถ,6,4401090200.000,งบแสดงผลการดำเนินงาน,รายได้,1
4401090203.001,รายได้ค่าขายแบบพิมพ์และคำร้อง,6,4401090200.000,งบแสดงผลการดำเนินงาน,รายได้,1
4401090204.001,รายได้ค่ารับรองสำเนาและถ่ายเอกสาร,6,4401090200.000,งบแสดงผลการดำเนินงาน,รายได้,1
4401090205.001,รายได้ค่าสมัครสมาชิกห้องสมุด,6,4401090200.000,งบแสดงผลการดำเนินงาน,รายได้,1
4401090206.001,รายได้จากตลาดสด,6,4401090200.000,งบแสดงผลการดำเนินงาน,รายได้,1
4401090207.001,รายได้จากโรงฆ่าสัตว์,6,4401090200.000,งบแสดงผลการดำเนินงาน,รายได้,1
4401090208.001,รายได้จากสถานีขนส่งหรือกิจการท่าเรือ,6,4401090200.000,งบแสดงผลการดำเนินงาน,รายได้,1
4401090299.001,รายได้ค่าบริการอื่น ๆ,6,4401090200.000,งบแสดงผลการดำเนินงาน,รายได้,1
4401100000.000,รายได้อื่น,4,4401000000.000,งบแสดงผลการดำเนินงาน,รายได้,0
4401100101.001,รายได้ค่าขายเวชภัณฑ์,6,4401100100.000,งบแสดงผลการดำเนินงาน,รายได้,1
4401100102.001,รายได้ค่าจำหน่ายเศษของ,6,4401100100.000,งบแสดงผลการดำเนินงาน,รายได้,1
4401100103.001,รายได้จากการบริจาค,6,4401100100.000,งบแสดงผลการดำเนินงาน,รายได้,1
4401100103.002,รายได้จากการบริจาคเพื่อใช้ตามวัตถุประสงค์,6,4401100100.000,งบแสดงผลการดำเนินงาน,รายได้,1
4401100103.003,รายได้จากการบริจาคสินทรัพย์,6,4401100100.000,งบแสดงผลการดำเนินงาน,รายได้,1
4401100104.001,รายได้จากการรับโอนสินทรัพย์ระหว่าง,6,4401100100.000,งบแสดงผลการดำเนินงาน,รายได้,1
4401100105.001,รายได้ค่าขายเอกสารจัดซื้อจัดจ้าง,6,4401100100.000,งบแสดงผลการดำเนินงาน,รายได้,1
4401100106.001,รายได้ค่าเขียนแบบแปลน,6,4401100100.000,งบแสดงผลการดำเนินงาน,รายได้,1
4401100107.001,รายได้จากการขายอสังหาริมทรัพย์,6,4401100100.000,งบแสดงผลการดำเนินงาน,รายได้,1
4401100108.001,รายได้จากการขายที่ดินที่มีกรรมสิทธิ์,6,4401100100.000,งบแสดงผลการดำเนินงาน,รายได้,1
4401100109.001,รายได้จากการขายอาคารและ,6,4401100100.000,งบแสดงผลการดำเนินงาน,รายได้,1
4401100110.001,รายได้จากการขายครุภัณฑ์,6,4401100100.000,งบแสดงผลการดำเนินงาน,รายได้,1
4401100111.001,รายได้จากการขายสินทรัพย์ไม่มีตัวตน,6,4401100100.000,งบแสดงผลการดำเนินงาน,รายได้,1
4401100112.001,หนี้สูญได้รับคืน,6,4401100100.000,งบแสดงผลการดำเนินงาน,รายได้,1
4401100113.001,รายได้เงินชดเชยปฏิบัติการฉุกเฉิน,6,4401100100.000,งบแสดงผลการดำเนินงาน,รายได้,1
4401100114.001,รายได้เงินรางวัลต่าง ๆ,6,4401100100.000,งบแสดงผลการดำเนินงาน,รายได้,1
4401100198.001,รายได้จากทุนอื่น ๆ,6,4401100100.000,งบแสดงผลการดำเนินงาน,รายได้,1
4401100199.001,รายได้เบ็ดเตล็ดอื่น ๆ,6,4401100100.000,งบแสดงผลการดำเนินงาน,รายได้,1
4401100199.002,รายได้จากการแลกเปลี่ยนสินทรัพย์,6,4401100100.000,งบแสดงผลการดำเนินงาน,รายได้,1
4402000000.000,รายได้ที่รัฐบาลเก็บแล้วจัดสรรให้แก่องค์กรปกครองส่วนท้องถิ่น,3,4400000000.000,งบแสดงผลการดำเนินงาน,รายได้,0
4402010000.000,รายได้ภาษีจัดสรร,4,4402000000.000,งบแสดงผลการดำเนินงาน,รายได้,0
4402010101.001,รายได้ภาษีรถยนต์,6,4402010100.000,งบแสดงผลการดำเนินงาน,รายได้,1
4402010102.001,รายได้ภาษีมูลค่าเพิ่มตาม พ.ร.บ.กำหนดแผนฯ,6,4402010100.000,งบแสดงผลการดำเนินงาน,รายได้,1
4402010103.001,รายได้ภาษีมูลค่าเพิ่มตาม พ.ร.บ.อบจ.ฯ,6,4402010100.000,งบแสดงผลการดำเนินงาน,รายได้,1
4402010104.001,รายได้ภาษีมูลค่าเพิ่มตาม พ.ร.บ.จัดสรรรายได้ฯ,6,4402010100.000,งบแสดงผลการดำเนินงาน,รายได้,1
4402010105.001,รายได้ภาษีธุรกิจเฉพาะ,6,4402010100.000,งบแสดงผลการดำเนินงาน,รายได้,1
4402010106.001,รายได้ภาษีสรรพสามิต,6,4402010100.000,งบแสดงผลการดำเนินงาน,รายได้,1
4402010107.001,รายได้ภาษีการพนัน,6,4402010100.000,งบแสดงผลการดำเนินงาน,รายได้,1
4402010108.001,รายได้อากรการประมง,6,4402010100.000,งบแสดงผลการดำเนินงาน,รายได้,1
4402010109.001,รายได้ค่าภาคหลวงและค่าธรรมเนียม,6,4402010100.000,งบแสดงผลการดำเนินงาน,รายได้,1
4402010110.001,รายได้ค่าภาคหลวงแร่,6,4402010100.000,งบแสดงผลการดำเนินงาน,รายได้,1
4402010111.001,รายได้ค่าภาคหลวงปิโตรเลียม,6,4402010100.000,งบแสดงผลการดำเนินงาน,รายได้,1
4402010112.001,รายได้เงินที่เก็บตามกฎหมายว่าด้วยอุทยาน,6,4402010100.000,งบแสดงผลการดำเนินงาน,รายได้,1
4402010113.001,รายได้ค่าธรรมเนียมจดทะเบียนสิทธิและนิติ,6,4402010100.000,งบแสดงผลการดำเนินงาน,รายได้,1
4402010114.001,รายได้อากรประทานบัตรและอาชญาบัตรประมง,6,4402010100.000,งบแสดงผลการดำเนินงาน,รายได้,1
4402010115.001,รายได้ค่าธรรมเนียมและค่าใช้น้ำบาดาล,6,4402010100.000,งบแสดงผลการดำเนินงาน,รายได้,1
4402010116.001,รายได้ค่าธรรมเนียมตามกฎหมายว่าด้วยทรัพย์,6,4402010100.000,งบแสดงผลการดำเนินงาน,รายได้,1
4402010199.999,ภาษีจัดสรรอื่น ๆ,6,4402010100.000,งบแสดงผลการดำเนินงาน,รายได้,1
4403000000.000,รายได้ที่รัฐบาลอุดหนุนให้แก่องค์กรปกครองส่วนท้องถิ่น,3,4400000000.000,งบแสดงผลการดำเนินงาน,รายได้,0
4403010101.001,รายได้เงินอุดหนุนทั่วไป,6,4403010100.000,งบแสดงผลการดำเนินงาน,รายได้,1
4403010102.001,รายได้เงินอุดหนุนเพื่อเป็นเงินรางวัลสำหรับ,6,4403010100.000,งบแสดงผลการดำเนินงาน,รายได้,1
4403010103.001,รายได้เงินอุดหนุนทั่วไปที่รัฐกำหนดวัตถุประสงค์,6,4403010100.000,งบแสดงผลการดำเนินงาน,รายได้,1
4403010104.001,รายได้เงินอุดหนุนเฉพาะกิจ,6,4403010100.000,งบแสดงผลการดำเนินงาน,รายได้,1
4403010105.001,รายได้เงินอุดหนุนจากหน่วยงานอื่น,6,4403010100.000,งบแสดงผลการดำเนินงาน,รายได้,1
4403010106.001,รายได้เงินสนับสนุนจากองค์กรปกครอง,6,4403010100.000,งบแสดงผลการดำเนินงาน,รายได้,1
4403010107.001,รายได้จากกองทุนบำเหน็จบำนาญข้าราชการ,6,4403010100.000,งบแสดงผลการดำเนินงาน,รายได้,1
4404000000.000,รายได้ของกิจการเฉพาะการและหน่วยงานภายใต้สังกัดขององค์กรปกครองส่วนท้องถิ่น,3,4400000000.000,งบแสดงผลการดำเนินงาน,รายได้,0
4404010000.000,รายได้ของสถานธนานุบาล,4,4404000000.000,งบแสดงผลการดำเนินงาน,รายได้,0
4404010101.001,รายได้ดอกเบี้ยรับจำนำ,6,4404010100.000,งบแสดงผลการดำเนินงาน,รายได้,1
4404010102.001,รายได้กำไรจากการจำหน่ายทรัพย์หลุดจำนำ,6,4404010100.000,งบแสดงผลการดำเนินงาน,รายได้,1
4404010103.001,รายได้เงินช่วยเหลือจากงบทั่วไป,6,4404010100.000,งบแสดงผลการดำเนินงาน,รายได้,1
4404010103.002,รายได้ระหว่างหน่วยงาน - หน่วยงาน,6,4404010100.000,งบแสดงผลการดำเนินงาน,รายได้,1
4404010104.001,รายได้ดอกเบี้ยเงินฝากที่สถาบันการเงิน หมายถงึ รายได้ดอกเบี้ยทไี่ด้รับจากการนำเงินไปฝากไว้ที่สถาบันการเงิน,6,4404010100.000,งบแสดงผลการดำเนินงาน,รายได้,1
4404010104.002,รายได้ดอกเบี้ยเงินลงทุน,6,4404010100.000,งบแสดงผลการดำเนินงาน,รายได้,1
4404010105.001,รายได้ค่าปรับการผิดสัญญา,6,4404010100.000,งบแสดงผลการดำเนินงาน,รายได้,1
4404010106.001,รายได้ค่าจำหน่ายเศษของ,6,4404010100.000,งบแสดงผลการดำเนินงาน,รายได้,1
4404010107.001,รายได้จากการบริจาค,6,4404010100.000,งบแสดงผลการดำเนินงาน,รายได้,1
4404010107.002,รายได้จากการบริจาคเพื่อใช้ตามวัตถุประสงค์,6,4404010100.000,งบแสดงผลการดำเนินงาน,รายได้,1
4404010107.003,รายได้จากการบริจาคสินทรัพย์,6,4404010100.000,งบแสดงผลการดำเนินงาน,รายได้,1
4404010108.001,รายได้จากการรับโอนสินทรัพย์ระหว่าง,6,4404010100.000,งบแสดงผลการดำเนินงาน,รายได้,1
4404010109.001,รายได้ค่าขายเอกสารจัดซื้อจัดจ้าง,6,4404010100.000,งบแสดงผลการดำเนินงาน,รายได้,1
4404010110.001,รายได้จากการขายอสังหาริมทรัพย์,6,4404010100.000,งบแสดงผลการดำเนินงาน,รายได้,1
4404010111.001,รายได้จากการขายที่ดินที่มีกรรมสิทธิ์,6,4404010100.000,งบแสดงผลการดำเนินงาน,รายได้,1
4404010112.001,รายได้จากการขายอาคารและสิ่งปลูกสร้าง,6,4404010100.000,งบแสดงผลการดำเนินงาน,รายได้,1
4404010113.001,รายได้จากการขายครุภัณฑ์,6,4404010100.000,งบแสดงผลการดำเนินงาน,รายได้,1
4404010114.001,รายได้จากการขายสินทรัพย์ไม่มีตัวตน,6,4404010100.000,งบแสดงผลการดำเนินงาน,รายได้,1
4404010115.001,หนี้สูญได้รับคืน,6,4404010100.000,งบแสดงผลการดำเนินงาน,รายได้,1
4404010116.001,รายได้เงินอุดหนุนจากหน่วยงานอื่น,6,4404010100.000,งบแสดงผลการดำเนินงาน,รายได้,1
4404010199.001,รายได้อื่น,6,4404010100.000,งบแสดงผลการดำเนินงาน,รายได้,1
4404010199.002,รายได้จากการแลกเปลี่ยนสินทรัพย์ หมาถึง รายได้ที่เกิดจากส่วนต่างของการแลกเปลี่ยนสินทรัพย์,6,4404010100.000,งบแสดงผลการดำเนินงาน,รายได้,1
4404020000.000,รายได้ของโรงผลิตน้ำประปา และประปาหมู่บ้าน,4,4404000000.000,งบแสดงผลการดำเนินงาน,รายได้,0
4404020101.001,รายได้ค่าจำหน่ายน้ำจากมาตรวัดน้ำ,6,4404020100.000,งบแสดงผลการดำเนินงาน,รายได้,1
4404020102.001,รายได้ค่าบริการประจำเดือน,6,4404020100.000,งบแสดงผลการดำเนินงาน,รายได้,1
4404020103.001,รายได้ค่าจำหน่ายน้ำจากท่อธาร,6,4404020100.000,งบแสดงผลการดำเนินงาน,รายได้,1
4404020104.001,รายได้เงินผลประโยชน์จากกิจการประปา,6,4404020100.000,งบแสดงผลการดำเนินงาน,รายได้,1
4404020105.001,รายได้จากการจำหน่ายสินค้า,6,4404020100.000,งบแสดงผลการดำเนินงาน,รายได้,1
4404020106.001,รายได้เงินช่วยเหลือจากงบทั่วไป,6,4404020100.000,งบแสดงผลการดำเนินงาน,รายได้,1
4404020106.002,รายได้ระหว่างหน่วยงาน - หน่วยงาน,6,4404020100.000,งบแสดงผลการดำเนินงาน,รายได้,1
4404020107.001,รายได้ดอกเบี้ยเงินฝากที่สถาบันการเงิน,6,4404020100.000,งบแสดงผลการดำเนินงาน,รายได้,1
4404020107.002,รายได้ดอกเบี้ยเงินลงทุน,6,4404020100.000,งบแสดงผลการดำเนินงาน,รายได้,1
4404020108.001,รายได้ค่าปรับการผิดสัญญา,6,4404020100.000,งบแสดงผลการดำเนินงาน,รายได้,1
4404020109.001,รายได้ค่าจำหน่ายเศษของ,6,4404020100.000,งบแสดงผลการดำเนินงาน,รายได้,1
4404020110.001,รายได้จากการบริจาค,6,4404020100.000,งบแสดงผลการดำเนินงาน,รายได้,1
4404020110.002,รายได้จากการบริจาคเพื่อใช้ตามวัตถุประสงค์,6,4404020100.000,งบแสดงผลการดำเนินงาน,รายได้,1
4404020110.003,รายได้จากการบริจาคสินทรัพย์,6,4404020100.000,งบแสดงผลการดำเนินงาน,รายได้,1
4404020111.001,รายได้จากการรับโอนสินทรัพย์ระหว่าง,6,4404020100.000,งบแสดงผลการดำเนินงาน,รายได้,1
4404020112.001,รายได้ค่าขายเอกสารจัดซื้อจัดจ้าง,6,4404020100.000,งบแสดงผลการดำเนินงาน,รายได้,1
4404020113.001,รายได้จากการขายอสังหาริมทรัพย์เพื่อการ,6,4404020100.000,งบแสดงผลการดำเนินงาน,รายได้,1
4404020114.001,รายได้จากการขายที่ดินที่มีกรรมสิทธิ์,6,4404020100.000,งบแสดงผลการดำเนินงาน,รายได้,1
4404020115.001,รายได้จากการขายอาคารและสิ่งปลูกสร้าง,6,4404020100.000,งบแสดงผลการดำเนินงาน,รายได้,1
4404020116.001,รายได้จากการขายครุภัณฑ์,6,4404020100.000,งบแสดงผลการดำเนินงาน,รายได้,1
4404020117.001,รายได้จากการขายสินทรัพย์ไม่มีตัวตน,6,4404020100.000,งบแสดงผลการดำเนินงาน,รายได้,1
4404020118.001,หนี้สูญได้รับคืน,6,4404020100.000,งบแสดงผลการดำเนินงาน,รายได้,1
4404020119.001,รายได้เงินอุดหนุนจากหน่วยงานอื่น,6,4404020100.000,งบแสดงผลการดำเนินงาน,รายได้,1
4404020120.001,รายได้ค่าเช่า รายได้ค่าเช่าสถานที่ของโรงผลิตน้ำประปา และประปาหมู่บ้าน,6,4404020100.000,งบแสดงผลการดำเนินงาน,รายได้,1
4404020199.001,รายได้อื่น,6,4404020100.000,งบแสดงผลการดำเนินงาน,รายได้,1
4404020199.002,รายได้จากการแลกเปลี่ยนสินทรัพย์,6,4404020100.000,งบแสดงผลการดำเนินงาน,รายได้,1
4404030000.000,รายได้ของกิจการสถานีขนส่ง และกิจการท่าเรือ,4,4404000000.000,งบแสดงผลการดำเนินงาน,รายได้,0
4404030101.001,รายได้ค่าเช่าสถานที่เพื่อบริการขนส่ง,6,4404030100.000,งบแสดงผลการดำเนินงาน,รายได้,1
4404030102.001,รายได้ค่าเช่าสถานที่เพื่อบริการห้องสุขา,6,4404030100.000,งบแสดงผลการดำเนินงาน,รายได้,1
4404030103.001,รายได้ค่าเช่าสถานที่สำหรับขายสินค้า,6,4404030100.000,งบแสดงผลการดำเนินงาน,รายได้,1
4404030104.001,รายได้เงินช่วยเหลือจากงบทั่วไป,6,4404030100.000,งบแสดงผลการดำเนินงาน,รายได้,1
4404030104.002,รายได้ระหว่างหน่วยงาน - หน่วยงาน,6,4404030100.000,งบแสดงผลการดำเนินงาน,รายได้,1
4404030105.001,รายได้ดอกเบี้ยเงินฝากที่สถาบันการเงิน,6,4404030100.000,งบแสดงผลการดำเนินงาน,รายได้,1
4404030105.002,รายได้ดอกเบี้ยเงินลงทุน,6,4404030100.000,งบแสดงผลการดำเนินงาน,รายได้,1
4404030106.001,รายได้ค่าปรับการผิดสัญญา,6,4404030100.000,งบแสดงผลการดำเนินงาน,รายได้,1
4404030107.001,รายได้ค่าจำหน่ายเศษของ,6,4404030100.000,งบแสดงผลการดำเนินงาน,รายได้,1
4404030108.001,รายได้จากการบริจาค,6,4404030100.000,งบแสดงผลการดำเนินงาน,รายได้,1
4404030108.002,รายได้จากการบริจาคเพื่อใช้ตามวัตถุประสงค์,6,4404030100.000,งบแสดงผลการดำเนินงาน,รายได้,1
4404030108.003,รายได้จากการบริจาคสินทรัพย์,6,4404030100.000,งบแสดงผลการดำเนินงาน,รายได้,1
4404030109.001,รายได้จากการรับโอนสินทรัพย์ระหว่าง,6,4404030100.000,งบแสดงผลการดำเนินงาน,รายได้,1
4404030110.001,รายได้ค่าขายเอกสารจัดซื้อจัดจ้าง,6,4404030100.000,งบแสดงผลการดำเนินงาน,รายได้,1
4404030111.001,รายได้จากการขายอสังหาริมทรัพย์เพื่อการ,6,4404030100.000,งบแสดงผลการดำเนินงาน,รายได้,1
4404030112.001,รายได้จากการขายที่ดินที่มีกรรมสิทธิ์,6,4404030100.000,งบแสดงผลการดำเนินงาน,รายได้,1
4404030113.001,รายได้จากการขายอาคารและ,6,4404030100.000,งบแสดงผลการดำเนินงาน,รายได้,1
4404030114.001,รายได้จากการขายครุภัณฑ์,6,4404030100.000,งบแสดงผลการดำเนินงาน,รายได้,1
4404030115.001,รายได้จากการขายสินทรัพย์ไม่มีตัวตน,6,4404030100.000,งบแสดงผลการดำเนินงาน,รายได้,1
4404030116.001,หนี้สูญได้รับคืน,6,4404030100.000,งบแสดงผลการดำเนินงาน,รายได้,1
4404030117.001,รายได้เงินอุดหนุนจากหน่วยงานอื่น,6,4404030100.000,งบแสดงผลการดำเนินงาน,รายได้,1
4404030199.001,รายได้อื่น,6,4404030100.000,งบแสดงผลการดำเนินงาน,รายได้,1
4404030199.002,รายได้จากการแลกเปลี่ยนสินทรัพย์,6,4404030100.000,งบแสดงผลการดำเนินงาน,รายได้,1
4404040000.000,รายได้ของโรงพยาบาล และหน่วยบรกิ ารสาธารณสุข,4,4404000000.000,งบแสดงผลการดำเนินงาน,รายได้,0
4404040101.001,รายได้ค่ารักษาพยาบาล - ชำระเงิน,6,4404040100.000,งบแสดงผลการดำเนินงาน,รายได้,1
4404040102.001,รายได้ค่ารักษาพยาบาลสิทธิเบิกจ่ายตรง -,6,4404040100.000,งบแสดงผลการดำเนินงาน,รายได้,1
4404040102.002,รายได้ค่ารักษาพยาบาลสิทธิเบิกจ่ายตรง -,6,4404040100.000,งบแสดงผลการดำเนินงาน,รายได้,1
4404040102.003,รายได้ค่ารักษาพยาบาลสิทธิเบิกจ่ายตรง -,6,4404040100.000,งบแสดงผลการดำเนินงาน,รายได้,1
4404040102.004,รายได้ค่ารักษาพยาบาลสิทธิเบิกจ่ายตรง -,6,4404040100.000,งบแสดงผลการดำเนินงาน,รายได้,1
4404040103.001,รายได้ค่ารักษาพยาบาลสิทธิ - หลักประกัน,6,4404040100.000,งบแสดงผลการดำเนินงาน,รายได้,1
4404040103.002,รายได้กองทุนหลักประกันสุขภาพถ้วนหน้า -,6,4404040100.000,งบแสดงผลการดำเนินงาน,รายได้,1
4404040103.003,รายได้กองทุนหลักประกันสุขภาพถ้วนหน้า -,6,4404040100.000,งบแสดงผลการดำเนินงาน,รายได้,1
4404040103.004,รายได้เงินสนับสนุนงบค่าใช้จ่ายที่เป็นต้นทุน,6,4404040100.000,งบแสดงผลการดำเนินงาน,รายได้,1
4404040104.001,รายได้ค่ารักษาพยาบาลสิทธิ - ประกันสังคม,6,4404040100.000,งบแสดงผลการดำเนินงาน,รายได้,1
4404040105.001,รายได้ค่ารักษาพยาบาลจากกองทุนหรือ,6,4404040100.000,งบแสดงผลการดำเนินงาน,รายได้,1
4404040106.001,รายได้จากการขายสินค้าและบริการ,6,4404040100.000,งบแสดงผลการดำเนินงาน,รายได้,1
4404040107.001,รายได้เงินช่วยเหลือจากงบทั่วไป,6,4404040100.000,งบแสดงผลการดำเนินงาน,รายได้,1
4404040107.002,รายได้ระหว่างหน่วยงาน - หน่วยงานภายใต้,6,4404040100.000,งบแสดงผลการดำเนินงาน,รายได้,1
4404040108.001,รายได้ดอกเบี้ยเงินฝากที่สถาบันการเงิน,6,4404040100.000,งบแสดงผลการดำเนินงาน,รายได้,1
4404040108.002,รายได้ดอกเบี้ยเงินลงทุน,6,4404040100.000,งบแสดงผลการดำเนินงาน,รายได้,1
4404040109.001,รายได้ค่าปรับการผิดสัญญา,6,4404040100.000,งบแสดงผลการดำเนินงาน,รายได้,1
4404040110.001,รายได้ค่าเช่า,6,4404040100.000,งบแสดงผลการดำเนินงาน,รายได้,1
4404040111.001,รายได้ค่าขายเวชภัณฑ์,6,4404040100.000,งบแสดงผลการดำเนินงาน,รายได้,1
4404040112.001,รายได้ค่าจำหน่ายเศษของ,6,4404040100.000,งบแสดงผลการดำเนินงาน,รายได้,1
4404040113.001,รายได้จากการบริจาค,6,4404040100.000,งบแสดงผลการดำเนินงาน,รายได้,1
4404040113.002,รายได้จากการบริจาคเพื่อใช้ตามวัตถุประสงค์,6,4404040100.000,งบแสดงผลการดำเนินงาน,รายได้,1
4404040113.003,รายได้จากการบริจาคสินทรัพย์,6,4404040100.000,งบแสดงผลการดำเนินงาน,รายได้,1
4404040114.001,รายได้จากการรับโอนสินทรัพย์ระหว่าง,6,4404040100.000,งบแสดงผลการดำเนินงาน,รายได้,1
4404040115.001,รายได้ค่าขายเอกสารจัดซื้อจัดจ้าง,6,4404040100.000,งบแสดงผลการดำเนินงาน,รายได้,1
4404040116.001,รายได้จากการขายอสังหาริมทรัพย์เพื่อการ,6,4404040100.000,งบแสดงผลการดำเนินงาน,รายได้,1
4404040117.001,รายได้จากการขายที่ดินที่มีกรรมสิทธิ์,6,4404040100.000,งบแสดงผลการดำเนินงาน,รายได้,1
4404040118.001,รายได้จากการขายอาคารและ,6,4404040100.000,งบแสดงผลการดำเนินงาน,รายได้,1
4404040119.001,รายได้จากการขายครุภัณฑ์,6,4404040100.000,งบแสดงผลการดำเนินงาน,รายได้,1
4404040120.001,รายได้จากการขายสินทรัพย์ไม่มีตัวตน,6,4404040100.000,งบแสดงผลการดำเนินงาน,รายได้,1
4404040121.001,หนี้สูญได้รับคืน,6,4404040100.000,งบแสดงผลการดำเนินงาน,รายได้,1
4404040122.001,รายได้เงินอุดหนุนจากหน่วยงานอื่น,6,4404040100.000,งบแสดงผลการดำเนินงาน,รายได้,1
4404040199.001,รายได้อื่น,6,4404040100.000,งบแสดงผลการดำเนินงาน,รายได้,1
4404040199.002,รายได้จากการแลกเปลี่ยนสินทรัพย์,6,4404040100.000,งบแสดงผลการดำเนินงาน,รายได้,1
4404050000.000,รายได้ของโรงเรียน และศูนย์พัฒนาเดก็ เล็ก,4,4404000000.000,งบแสดงผลการดำเนินงาน,รายได้,0
4404050101.001,รายได้ค่าธรรมเนียมการศึกษา,6,4404050100.000,งบแสดงผลการดำเนินงาน,รายได้,1
4404050102.001,รายได้ค่าบริการการศึกษา,6,4404050100.000,งบแสดงผลการดำเนินงาน,รายได้,1
4404050103.001,รายได้จากการขายสินค้าและบริการ,6,4404050100.000,งบแสดงผลการดำเนินงาน,รายได้,1
4404050104.001,รายได้เงินช่วยเหลือจากงบทั่วไป,6,4404050100.000,งบแสดงผลการดำเนินงาน,รายได้,1
4404050104.002,รายได้ระหว่างหน่วยงาน - หน่วยงาน,6,4404050100.000,งบแสดงผลการดำเนินงาน,รายได้,1
4404050105.001,รายได้ดอกเบี้ยเงินฝากที่สถาบันการเงิน,6,4404050100.000,งบแสดงผลการดำเนินงาน,รายได้,1
4404050105.002,รายได้ดอกเบี้ยเงินลงทุน,6,4404050100.000,งบแสดงผลการดำเนินงาน,รายได้,1
4404050106.001,รายได้ค่าปรับการผิดสัญญา,6,4404050100.000,งบแสดงผลการดำเนินงาน,รายได้,1
4404050107.001,รายได้ค่าเช่า,6,4404050100.000,งบแสดงผลการดำเนินงาน,รายได้,1
4404050108.001,รายได้ค่าจำหน่ายเศษของ,6,4404050100.000,งบแสดงผลการดำเนินงาน,รายได้,1
4404050109.001,รายได้จากการบริจาค,6,4404050100.000,งบแสดงผลการดำเนินงาน,รายได้,1
4404050109.002,รายได้จากการบริจาคเพื่อใช้ตามวัตถุประสงค์,6,4404050100.000,งบแสดงผลการดำเนินงาน,รายได้,1
4404050109.003,รายได้จากการบริจาคสินทรัพย์,6,4404050100.000,งบแสดงผลการดำเนินงาน,รายได้,1
4404050110.001,รายได้จากการรับโอนสินทรัพย์ระหว่าง,6,4404050100.000,งบแสดงผลการดำเนินงาน,รายได้,1
4404050111.001,รายได้ค่าขายเอกสารจัดซื้อจัดจ้าง,6,4404050100.000,งบแสดงผลการดำเนินงาน,รายได้,1
4404050112.001,รายได้จากการขายอสังหาริมทรัพย์เพื่อการ,6,4404050100.000,งบแสดงผลการดำเนินงาน,รายได้,1
4404050113.001,รายได้จากการขายที่ดินที่มีกรรมสิทธิ์,6,4404050100.000,งบแสดงผลการดำเนินงาน,รายได้,1
4404050114.001,รายได้จากการขายอาคารและสิ่งปลูกสร้าง,6,4404050100.000,งบแสดงผลการดำเนินงาน,รายได้,1
4404050115.001,รายได้จากการขายครุภัณฑ์,6,4404050100.000,งบแสดงผลการดำเนินงาน,รายได้,1
4404050116.001,รายได้จากการขายสินทรัพย์ไม่มีตัวตน,6,4404050100.000,งบแสดงผลการดำเนินงาน,รายได้,1
4404050117.001,หนี้สูญได้รับคืน,6,4404050100.000,งบแสดงผลการดำเนินงาน,รายได้,1
4404050118.001,รายได้เงินอุดหนุนจากหน่วยงานอื่น,6,4404050100.000,งบแสดงผลการดำเนินงาน,รายได้,1
4404050199.001,รายได้อื่น,6,4404050100.000,งบแสดงผลการดำเนินงาน,รายได้,1
4404050199.002,รายได้จากการแลกเปลี่ยนสินทรัพย์,6,4404050100.000,งบแสดงผลการดำเนินงาน,รายได้,1
4404060000.000,รายได้ของกิจการอื่น,4,4404000000.000,งบแสดงผลการดำเนินงาน,รายได้,0
4404060101.001,รายได้ค่าเช่า,6,4404060100.000,งบแสดงผลการดำเนินงาน,รายได้,1
4404060102.001,รายได้จากการประกอบกิจการโรงแรม,6,4404060100.000,งบแสดงผลการดำเนินงาน,รายได้,1
4404060103.001,รายได้จากการขายสินค้าและบริการ,6,4404060100.000,งบแสดงผลการดำเนินงาน,รายได้,1
4404060104.001,รายได้ค่าธรรมเนียมอื่น,6,4404060100.000,งบแสดงผลการดำเนินงาน,รายได้,1
4404060105.001,รายได้ค่าบริการอื่น,6,4404060100.000,งบแสดงผลการดำเนินงาน,รายได้,1
4404060106.001,รายได้เงินช่วยเหลือจากงบทั่วไป,6,4404060100.000,งบแสดงผลการดำเนินงาน,รายได้,1
4404060106.002,รายได้ระหว่างหน่วยงาน - หน่วยงาน,6,4404060100.000,งบแสดงผลการดำเนินงาน,รายได้,1
4404060107.001,รายได้ดอกเบี้ยเงินฝากที่สถาบันการเงิน หมายถงึ รายได้ดอกเบี้ยทไี่ด้รับจากการนำเงินไปฝากไว้ที่สถาบันการเงิน,6,4404060100.000,งบแสดงผลการดำเนินงาน,รายได้,1
4404060107.002,รายได้ดอกเบี้ยเงินลงทุน,6,4404060100.000,งบแสดงผลการดำเนินงาน,รายได้,1
4404060108.001,รายได้ค่าปรับการผิดสัญญา,6,4404060100.000,งบแสดงผลการดำเนินงาน,รายได้,1
4404060109.001,รายได้ค่าจำหน่ายเศษของ,6,4404060100.000,งบแสดงผลการดำเนินงาน,รายได้,1
4404060110.001,รายได้จากการบริจาค,6,4404060100.000,งบแสดงผลการดำเนินงาน,รายได้,1
4404060110.002,รายได้จากการบริจาคเพื่อใช้ตามวัตถุประสงค์,6,4404060100.000,งบแสดงผลการดำเนินงาน,รายได้,1
4404060110.003,รายได้จากการบริจาคสินทรัพย์,6,4404060100.000,งบแสดงผลการดำเนินงาน,รายได้,1
4404060111.001,รายได้จากการรับโอนสินทรัพย์ระหว่าง,6,4404060100.000,งบแสดงผลการดำเนินงาน,รายได้,1
4404060112.001,รายได้ค่าขายเอกสารจัดซื้อจัดจ้าง,6,4404060100.000,งบแสดงผลการดำเนินงาน,รายได้,1
4404060113.001,รายได้จากการขายอสังหาริมทรัพย์เพื่อการ,6,4404060100.000,งบแสดงผลการดำเนินงาน,รายได้,1
4404060114.001,รายได้จากการขายที่ดินที่มีกรรมสิทธิ์,6,4404060100.000,งบแสดงผลการดำเนินงาน,รายได้,1
4404060115.001,รายได้จากการขายอาคารและสิ่งปลูกสร้าง,6,4404060100.000,งบแสดงผลการดำเนินงาน,รายได้,1
4404060116.001,รายได้จากการขายครุภัณฑ์,6,4404060100.000,งบแสดงผลการดำเนินงาน,รายได้,1
4404060117.001,รายได้จากการขายสินทรัพย์ไม่มีตัวตน,6,4404060100.000,งบแสดงผลการดำเนินงาน,รายได้,1
4404060118.001,หนี้สูญได้รับคืน,6,4404060100.000,งบแสดงผลการดำเนินงาน,รายได้,1
4404060119.001,รายได้เงินอุดหนุนจากหน่วยงานอื่น,6,4404060100.000,งบแสดงผลการดำเนินงาน,รายได้,1
4404060199.001,รายได้อื่น,6,4404060100.000,งบแสดงผลการดำเนินงาน,รายได้,1
4404060199.002,รายได้จากการแลกเปลี่ยนสินทรัพย์,6,4404060100.000,งบแสดงผลการดำเนินงาน,รายได้,1
5000000000.000,ค่าใช้จ่าย,1,,งบแสดงผลการดำเนินงาน,ค่าใช้จ่าย,0
5100000000.000,ค่าใช้จ่ายดำเนินงาน,2,5000000000.000,งบแสดงผลการดำเนินงาน,ค่าใช้จ่าย,0
5101000000.000,ค่าใช้จ่ายบุคลากร,3,5100000000.000,งบแสดงผลการดำเนินงาน,ค่าใช้จ่าย,0
5101010000.000,เงินเดือนและค่าจ้าง,4,5101000000.000,งบแสดงผลการดำเนินงาน,ค่าใช้จ่าย,0
5101010101.001,เงินเดือน,6,5101010100.000,งบแสดงผลการดำเนินงาน,ค่าใช้จ่าย,1
5101010102.001,โบนัส,6,5101010100.000,งบแสดงผลการดำเนินงาน,ค่าใช้จ่าย,1
5101010103.001,เงินประจำตำแหน่ง,6,5101010100.000,งบแสดงผลการดำเนินงาน,ค่าใช้จ่าย,1
5101010108.001,ค่าล่วงเวลา,6,5101010100.000,งบแสดงผลการดำเนินงาน,ค่าใช้จ่าย,1
5101010109.001,เงินตอบแทนพิเศษของผู้ได้รับเงิน,6,5101010100.000,งบแสดงผลการดำเนินงาน,ค่าใช้จ่าย,1
5101010111.001,เงินวิทยฐานะ,6,5101010100.000,งบแสดงผลการดำเนินงาน,ค่าใช้จ่าย,1
5101010113.001,ค่าจ้าง,6,5101010100.000,งบแสดงผลการดำเนินงาน,ค่าใช้จ่าย,1
5101010199.001,เงินเดือน (ฝ่ายการเมือง),6,5101010100.000,งบแสดงผลการดำเนินงาน,ค่าใช้จ่าย,1
5101010199.002,เงินค่าตอบแทนพนักงานขององค์กรปกครอง,6,5101010100.000,งบแสดงผลการดำเนินงาน,ค่าใช้จ่าย,1
5101010199.999,เงินเดือนและค่าจ้างอื่น,6,5101010100.000,งบแสดงผลการดำเนินงาน,ค่าใช้จ่าย,1
5101020000.000,ค่าใช้จ่ายบุคลากรอื่น,4,5101000000.000,งบแสดงผลการดำเนินงาน,ค่าใช้จ่าย,0
5101020101.001,เงินช่วยพิเศษ,6,5101020100.000,งบแสดงผลการดำเนินงาน,ค่าใช้จ่าย,1
5101020102.001,เงินทำขวัญข้าราชการและลูกจ้าง,6,5101020100.000,งบแสดงผลการดำเนินงาน,ค่าใช้จ่าย,1
5101020104.001,เงินสมทบ กบข.,6,5101020100.000,งบแสดงผลการดำเนินงาน,ค่าใช้จ่าย,1
5101020105.001,เงินสมทบ กสจ.,6,5101020100.000,งบแสดงผลการดำเนินงาน,ค่าใช้จ่าย,1
5101020106.001,เงินสมทบกองทุนประกันสังคม,6,5101020100.000,งบแสดงผลการดำเนินงาน,ค่าใช้จ่าย,1
5101020108.001,ค่าเช่าบ้าน,6,5101020100.000,งบแสดงผลการดำเนินงาน,ค่าใช้จ่าย,1
5101020109.001,ค่าเบี้ยประกันสุขภาพ,6,5101020100.000,งบแสดงผลการดำเนินงาน,ค่าใช้จ่าย,1
5101020110.001,ค่าเบี้ยประกันชีวิต,6,5101020100.000,งบแสดงผลการดำเนินงาน,ค่าใช้จ่าย,1
5101020114.001,เงินเพิ่ม,6,5101020100.000,งบแสดงผลการดำเนินงาน,ค่าใช้จ่าย,1
5101020115.001,ค่าตอบแทนพิเศษชายแดนภาคใต้,6,5101020100.000,งบแสดงผลการดำเนินงาน,ค่าใช้จ่าย,1
5101020199.001,เงินสมทบ ก.บ.ท.,6,5101020100.000,งบแสดงผลการดำเนินงาน,ค่าใช้จ่าย,1
5101020199.002,เงินสมทบกองทุนเงนิ ทดแทน,6,5101020100.000,งบแสดงผลการดำเนินงาน,ค่าใช้จ่าย,1
5101020199.003,เงินสมทบเงินสะสมพนักงาน,6,5101020100.000,งบแสดงผลการดำเนินงาน,ค่าใช้จ่าย,1
5101020199.004,เงินสมทบเงินสวัสดกิ ารหลังพ้น,6,5101020100.000,งบแสดงผลการดำเนินงาน,ค่าใช้จ่าย,1
5101020199.999,ค่าใช้จ่ายบุคลากรอื่น,6,5101020100.000,งบแสดงผลการดำเนินงาน,ค่าใช้จ่าย,1
5101030000.000,เงินช่วยเหลือพนักงานและครอบครัวด้านการศึกษา,4,5101000000.000,งบแสดงผลการดำเนินงาน,ค่าใช้จ่าย,0
5101030100.000,เงินช่วยเหลือพนักงานและครอบครัวด้านการศึกษา,5,5101030000.000,งบแสดงผลการดำเนินงาน,ค่าใช้จ่าย,0
5101030101.001,เงินช่วยการศึกษาบตุ ร,6,5101030100.000,งบแสดงผลการดำเนินงาน,ค่าใช้จ่าย,1
5101030102.001,เงินช่วยเหลือบุตร,6,5101030100.000,งบแสดงผลการดำเนินงาน,ค่าใช้จ่าย,1
5101030200.000,เงินช่วยเหลือพนักงานและครอบครัว,5,5101030000.000,งบแสดงผลการดำเนินงาน,ค่าใช้จ่าย,0
5101030205.001,เงินช่วยค่ารักษาพยาบาลประเภทผู้ป่วยนอก -,6,5101030200.000,งบแสดงผลการดำเนินงาน,ค่าใช้จ่าย,1
5101030206.001,เงินช่วยค่ารักษาพยาบาลประเภทผู้ป่วยใน -,6,5101030200.000,งบแสดงผลการดำเนินงาน,ค่าใช้จ่าย,1
5101030207.001,เงินช่วยค่ารักษาพยาบาลประเภทผู้ป่วยนอก -,6,5101030200.000,งบแสดงผลการดำเนินงาน,ค่าใช้จ่าย,1
5101030208.001,เงินช่วยค่ารักษาพยาบาลประเภทผู้ป่วยใน -,6,5101030200.000,งบแสดงผลการดำเนินงาน,ค่าใช้จ่าย,1
5101030211.001,เงินช่วยเหลือค่ารักษาพยาบาล,6,5101030200.000,งบแสดงผลการดำเนินงาน,ค่าใช้จ่าย,1
5101040000.000,ค่าบำเหน็จบำนาญ,4,5101000000.000,งบแสดงผลการดำเนินงาน,ค่าใช้จ่าย,0
5101040100.000,บำเหน็จบำนาญ,5,5101040000.000,งบแสดงผลการดำเนินงาน,ค่าใช้จ่าย,0
5101040102.001,บำนาญปกติ,6,5101040100.000,งบแสดงผลการดำเนินงาน,ค่าใช้จ่าย,1
5101040106.001,เงินบำเหน็จ,6,5101040100.000,งบแสดงผลการดำเนินงาน,ค่าใช้จ่าย,1
5101040107.001,เงินบำเหน็จตกทอด,6,5101040100.000,งบแสดงผลการดำเนินงาน,ค่าใช้จ่าย,1
5101040108.001,เงินบำเหน็จดำรงชีพ,6,5101040100.000,งบแสดงผลการดำเนินงาน,ค่าใช้จ่าย,1
5101040111.001,เงินช่วยพิเศษกรณผีู้รับบำนาญเสียชีวิต,6,5101040100.000,งบแสดงผลการดำเนินงาน,ค่าใช้จ่าย,1
5101040118.001,เงินบำนาญตกทอด,6,5101040100.000,งบแสดงผลการดำเนินงาน,ค่าใช้จ่าย,1
5101040119.001,เงินชดเชยกรณีเลิกจ้าง,6,5101040100.000,งบแสดงผลการดำเนินงาน,ค่าใช้จ่าย,1
5101040120.001,บำเหน็จรายเดือนสำหรับการเบิกเงินบำเหน็จ,6,5101040100.000,งบแสดงผลการดำเนินงาน,ค่าใช้จ่าย,1
5101040199.999,บำเหน็จบำนาญอื่น,6,5101040100.000,งบแสดงผลการดำเนินงาน,ค่าใช้จ่าย,1
5101040200.000,เงินช่วยเหลือด้านการศึกษาและรักษาพยาบาล -,5,5101040000.000,งบแสดงผลการดำเนินงาน,ค่าใช้จ่าย,0
5101040202.001,เงินช่วยการศึกษาบตุ รผู้รับบำนาญ,6,5101040200.000,งบแสดงผลการดำเนินงาน,ค่าใช้จ่าย,1
5101040203.001,เงินช่วยเหลือบุตรผู้รับบำนาญ,6,5101040200.000,งบแสดงผลการดำเนินงาน,ค่าใช้จ่าย,1
5101040204.001,เงินช่วยค่ารักษาพยาบาลประเภทผู้ป่วยนอก -,6,5101040200.000,งบแสดงผลการดำเนินงาน,ค่าใช้จ่าย,1
5101040205.001,เงินช่วยค่ารักษาพยาบาลประเภทผู้ป่วยใน -,6,5101040200.000,งบแสดงผลการดำเนินงาน,ค่าใช้จ่าย,1
5101040206.001,เงินช่วยค่ารักษาพยาบาลประเภทผู้ป่วยนอก -,6,5101040200.000,งบแสดงผลการดำเนินงาน,ค่าใช้จ่าย,1
5101040207.001,เงินช่วยค่ารักษาพยาบาลประเภทผู้ป่วยใน -,6,5101040200.000,งบแสดงผลการดำเนินงาน,ค่าใช้จ่าย,1
5102000000.000,ค่าใช้จ่ายด้านการฝึกอบรม,3,5100000000.000,งบแสดงผลการดำเนินงาน,ค่าใช้จ่าย,0
5102010000.000,ค่าใช้จ่ายด้านการฝึกอบรม ภายในประเทศ,4,5102000000.000,งบแสดงผลการดำเนินงาน,ค่าใช้จ่าย,0
5102010106.001,ค่าใช้จ่ายทุนการศึกษา - ในประเทศ,6,5102010100.000,งบแสดงผลการดำเนินงาน,ค่าใช้จ่าย,1
5102010199.001,ค่าใช้จ่ายด้านการฝึกอบรม- ในประเทศ,6,5102010100.000,งบแสดงผลการดำเนินงาน,ค่าใช้จ่าย,1
5102020000.000,ค่าใช้จ่ายด้านการฝึกอบรม ต่างประเทศ,4,5102000000.000,งบแสดงผลการดำเนินงาน,ค่าใช้จ่าย,0
5102020199.001,ค่าใช้จ่ายด้านการฝึกอบรม,6,5102020100.000,งบแสดงผลการดำเนินงาน,ค่าใช้จ่าย,1
5102030000.000,ค่าใช้จ่ายด้านการฝึกอบรม บุคคลภายนอก,4,5102000000.000,งบแสดงผลการดำเนินงาน,ค่าใช้จ่าย,0
5102030199.001,ค่าใช้จ่ายด้านการฝึกอบรม- บุคคลภายนอก,6,5102030100.000,งบแสดงผลการดำเนินงาน,ค่าใช้จ่าย,1
5103000000.000,ค่าใช้จ่ายเดินทาง,3,5100000000.000,งบแสดงผลการดำเนินงาน,ค่าใช้จ่าย,0
5103010000.000,ค่าใช้จ่ายเดินทาง ในประเทศ,4,5103000000.000,งบแสดงผลการดำเนินงาน,ค่าใช้จ่าย,0
5103010102.001,ค่าเบี้ยเลี้ยง,6,5103010100.000,งบแสดงผลการดำเนินงาน,ค่าใช้จ่าย,1
5103010103.001,ค่าที่พัก,6,5103010100.000,งบแสดงผลการดำเนินงาน,ค่าใช้จ่าย,1
5103010199.001,ค่าใช้จ่ายเดินทางไปราชการ - ในประเทศ,6,5103010100.000,งบแสดงผลการดำเนินงาน,ค่าใช้จ่าย,1
5103020000.000,ค่าใช้จ่ายเดินทาง ต่างประเทศ,4,5103000000.000,งบแสดงผลการดำเนินงาน,ค่าใช้จ่าย,0
5103020102.001,ค่าเบี้ยเลี้ยง,6,5103020100.000,งบแสดงผลการดำเนินงาน,ค่าใช้จ่าย,1
5103020103.001,ค่าที่พัก,6,5103020100.000,งบแสดงผลการดำเนินงาน,ค่าใช้จ่าย,1
5103020199.001,ค่าใช้จ่ายเดินไปราชการ - ต่างประเทศ,6,5103020100.000,งบแสดงผลการดำเนินงาน,ค่าใช้จ่าย,1
5104000000.000,ค่าตอบแทน ใช้สอยวัสดุ และสาธารณูปโภค,3,5100000000.000,งบแสดงผลการดำเนินงาน,ค่าใช้จ่าย,0
5104010000.000,ค่าใช้สอย และค่าวสั ดุ,4,5104000000.000,งบแสดงผลการดำเนินงาน,ค่าใช้จ่าย,0
5104010104.001,ค่าวัสดุใช้ไป,6,5104010100.000,งบแสดงผลการดำเนินงาน,ค่าใช้จ่าย,1
5104010104.002,ค่ายาใช้ไป,6,5104010100.000,งบแสดงผลการดำเนินงาน,ค่าใช้จ่าย,1
5104010104.003,ค่าวัสดุที่มีไว้ใช้เพื่อการแพทย์ใช้ไป,6,5104010100.000,งบแสดงผลการดำเนินงาน,ค่าใช้จ่าย,1
5104010107.001,ค่าซ่อมแซมและบำรุงรักษา,6,5104010100.000,งบแสดงผลการดำเนินงาน,ค่าใช้จ่าย,1
5104010107.002,ค่าใช้จ่ายในการปรับปรุงภูมิทัศน์,6,5104010100.000,งบแสดงผลการดำเนินงาน,ค่าใช้จ่าย,1
5104010107.003,ค่าใช้จ่ายในการปรับปรุงอสังหาริมทรัพย์,6,5104010100.000,งบแสดงผลการดำเนินงาน,ค่าใช้จ่าย,1
5104010110.001,ค่าเชื้อเพลิง,6,5104010100.000,งบแสดงผลการดำเนินงาน,ค่าใช้จ่าย,1
5104010112.001,ค่าจ้างเหมาบริการ - บุคคลภายนอก,6,5104010100.000,งบแสดงผลการดำเนินงาน,ค่าใช้จ่าย,1
5104010113.001,ค่าจ้างเหมาบริการ - หน่วยงานภาครัฐ,6,5104010100.000,งบแสดงผลการดำเนินงาน,ค่าใช้จ่าย,1
5104010114.001,ค่าธรรมเนียมทางกฎหมาย,6,5104010100.000,งบแสดงผลการดำเนินงาน,ค่าใช้จ่าย,1
5104010115.001,ค่าธรรมเนียม,6,5104010100.000,งบแสดงผลการดำเนินงาน,ค่าใช้จ่าย,1
5104020000.000,ค่าสาธารณูปโภค,4,5104000000.000,งบแสดงผลการดำเนินงาน,ค่าใช้จ่าย,0
5104020101.001,ค่าไฟฟ้า,6,5104020100.000,งบแสดงผลการดำเนินงาน,ค่าใช้จ่าย,1
5104020103.001,ค่าน้ำประปาและน้ำบาดาล,6,5104020100.000,งบแสดงผลการดำเนินงาน,ค่าใช้จ่าย,1
5104020105.001,ค่าโทรศัพท์,6,5104020100.000,งบแสดงผลการดำเนินงาน,ค่าใช้จ่าย,1
5104020106.001,ค่าบริการสื่อสารและโทรคมนาคม,6,5104020100.000,งบแสดงผลการดำเนินงาน,ค่าใช้จ่าย,1
5104020107.001,ค่าบริการไปรษณีย์,6,5104020100.000,งบแสดงผลการดำเนินงาน,ค่าใช้จ่าย,1
5104030000.000,ค่าใช้สอยอื่น ๆ,4,5104000000.000,งบแสดงผลการดำเนินงาน,ค่าใช้จ่าย,0
5104030200.000,ค่าใช้สอยอื่น ๆ,5,5104030000.000,งบแสดงผลการดำเนินงาน,ค่าใช้จ่าย,0
5104030202.001,ค่าจ้างที่ปรึกษา,6,5104030200.000,งบแสดงผลการดำเนินงาน,ค่าใช้จ่าย,1
5104030203.001,ค่าเบี้ยประกันภัย,6,5104030200.000,งบแสดงผลการดำเนินงาน,ค่าใช้จ่าย,1
5104030205.001,ต้นทุนขาย - สินค้าและบริการ,6,5104030200.000,งบแสดงผลการดำเนินงาน,ค่าใช้จ่าย,1
5104030206.001,ค่าครุภัณฑ์มูลค่าต่ำกว่าเกณฑ์,6,5104030200.000,งบแสดงผลการดำเนินงาน,ค่าใช้จ่าย,1
5104030207.001,ค่าใช้จ่ายในการประชุม,6,5104030200.000,งบแสดงผลการดำเนินงาน,ค่าใช้จ่าย,1
5104030208.001,ค่ารับรองและพิธีการ,6,5104030200.000,งบแสดงผลการดำเนินงาน,ค่าใช้จ่าย,1
5104030209.001,ค่าเช่าอสังหาริมทรัพย์ - หน่วยงานภาครัฐ,6,5104030200.000,งบแสดงผลการดำเนินงาน,ค่าใช้จ่าย,1
5104030210.001,ค่าเช่าอสังหาริมทรัพย์ - บุคคลภายนอก,6,5104030200.000,งบแสดงผลการดำเนินงาน,ค่าใช้จ่าย,1
5104030211.001,ค่าเช่าเบ็ดเตล็ด - หน่วยงานภาครัฐ,6,5104030200.000,งบแสดงผลการดำเนินงาน,ค่าใช้จ่าย,1
5104030212.001,ค่าเช่าเบ็ดเตล็ด - บคุ คลภายนอก,6,5104030200.000,งบแสดงผลการดำเนินงาน,ค่าใช้จ่าย,1
5104030213.001,ค่าตรวจสอบบัญชี - สำนักงานการตรวจเงิน,6,5104030200.000,งบแสดงผลการดำเนินงาน,ค่าใช้จ่าย,1
5104030214.001,ค่าตรวจสอบบัญชี - ผู้ตรวจสอบอื่น,6,5104030200.000,งบแสดงผลการดำเนินงาน,ค่าใช้จ่าย,1
5104030215.001,ค่าวิจัยและพัฒนา - หน่วยงานภาครัฐ,6,5104030200.000,งบแสดงผลการดำเนินงาน,ค่าใช้จ่าย,1
5104030216.001,ค่าวิจัยและพัฒนา - บุคคลภายนอก,6,5104030200.000,งบแสดงผลการดำเนินงาน,ค่าใช้จ่าย,1
5104030217.001,เงินชดเชยค่างานสิ่งก่อสร้าง,6,5104030200.000,งบแสดงผลการดำเนินงาน,ค่าใช้จ่าย,1
5104030219.001,ค่าประชาสัมพันธ์,6,5104030200.000,งบแสดงผลการดำเนินงาน,ค่าใช้จ่าย,1
5104030220.001,ชดใช้ค่าเสียหาย,6,5104030200.000,งบแสดงผลการดำเนินงาน,ค่าใช้จ่าย,1
5104030299.001,ค่าใช้สอยอื่น ๆ,6,5104030200.000,งบแสดงผลการดำเนินงาน,ค่าใช้จ่าย,1
5104030299.002,ค่ารักษาพยาบาลตามจ่าย,6,5104030200.000,งบแสดงผลการดำเนินงาน,ค่าใช้จ่าย,1
5104040000.000,ค่าตอบแทน,4,5104000000.000,งบแสดงผลการดำเนินงาน,ค่าใช้จ่าย,0
5104040101.001,ค่าตอบแทนตามตำแหน่ง,6,5104040100.000,งบแสดงผลการดำเนินงาน,ค่าใช้จ่าย,1
5104040102.001,ค่าตอบแทนการปฏิบัติงาน,6,5104040100.000,งบแสดงผลการดำเนินงาน,ค่าใช้จ่าย,1
5104040103.001,เงินประจำตำแหน่งพิเศษ,6,5104040100.000,งบแสดงผลการดำเนินงาน,ค่าใช้จ่าย,1
5104040105.001,ค่าตอบแทนอาสาสมัคร,6,5104040100.000,งบแสดงผลการดำเนินงาน,ค่าใช้จ่าย,1
5104040108.001,เงินค่าครองชีพ,6,5104040100.000,งบแสดงผลการดำเนินงาน,ค่าใช้จ่าย,1
5104040199.001,ค่าตอบแทนอื่น,6,5104040100.000,งบแสดงผลการดำเนินงาน,ค่าใช้จ่าย,1
5105000000.000,ค่าเสื่อมราคาและคา่ ตัดจำหน่าย,3,5100000000.000,งบแสดงผลการดำเนินงาน,ค่าใช้จ่าย,0
5105010101.001,ค่าเสื่อมราคา - อาคารเพื่อ,6,5105010100.000,งบแสดงผลการดำเนินงาน,ค่าใช้จ่าย,1
5105010103.001,ค่าเสื่อมราคา - อาคารสำนักงาน,6,5105010100.000,งบแสดงผลการดำเนินงาน,ค่าใช้จ่าย,1
5105010105.001,ค่าเสื่อมราคา - อาคารเพื่อ,6,5105010100.000,งบแสดงผลการดำเนินงาน,ค่าใช้จ่าย,1
5105010106.001,ค่าเสื่อมราคา - อาคาร,6,5105010100.000,งบแสดงผลการดำเนินงาน,ค่าใช้จ่าย,1
5105010107.001,ค่าเสื่อมราคา - สิ่งปลูกสร้าง,6,5105010100.000,งบแสดงผลการดำเนินงาน,ค่าใช้จ่าย,1
5105010108.001,ค่าเสื่อมราคา - สิ่งปลูกสร้างภายใต้สัญญาเช่า,6,5105010100.000,งบแสดงผลการดำเนินงาน,ค่าใช้จ่าย,1
5105010109.001,ค่าเสื่อมราคา - ครุภัณฑ์สำนักงาน,6,5105010100.000,งบแสดงผลการดำเนินงาน,ค่าใช้จ่าย,1
5105010111.001,ค่าเสื่อมราคา - ยานพาหนะและขนส่ง,6,5105010100.000,งบแสดงผลการดำเนินงาน,ค่าใช้จ่าย,1
5105010113.001,ค่าเสื่อมราคา - ครุภัณฑ์ไฟฟ้าและวิทยุ,6,5105010100.000,งบแสดงผลการดำเนินงาน,ค่าใช้จ่าย,1
5105010115.001,ค่าเสื่อมราคา - ครุภัณฑ์โฆษณาและเผยแพร่,6,5105010100.000,งบแสดงผลการดำเนินงาน,ค่าใช้จ่าย,1
5105010117.001,ค่าเสื่อมราคา - ครุภัณฑ์การเกษตร,6,5105010100.000,งบแสดงผลการดำเนินงาน,ค่าใช้จ่าย,1
5105010119.001,ค่าเสื่อมราคา - ครุภัณฑ์โรงงาน,6,5105010100.000,งบแสดงผลการดำเนินงาน,ค่าใช้จ่าย,1
5105010121.001,ค่าเสื่อมราคา - ครุภัณฑ์ก่อสร้าง,6,5105010100.000,งบแสดงผลการดำเนินงาน,ค่าใช้จ่าย,1
5105010123.001,ค่าเสื่อมราคา - ครุภัณฑ์สำรวจ,6,5105010100.000,งบแสดงผลการดำเนินงาน,ค่าใช้จ่าย,1
5105010125.001,ค่าเสื่อมราคา - ครุภัณฑ์วิทยาศาสตร์และ,6,5105010100.000,งบแสดงผลการดำเนินงาน,ค่าใช้จ่าย,1
5105010127.001,ค่าเสื่อมราคา - ครุภัณฑ์คอมพิวเตอร์,6,5105010100.000,งบแสดงผลการดำเนินงาน,ค่าใช้จ่าย,1
5105010129.001,ค่าเสื่อมราคา - ครุภัณฑ์การศึกษา,6,5105010100.000,งบแสดงผลการดำเนินงาน,ค่าใช้จ่าย,1
5105010131.001,ค่าเสื่อมราคา - ครุภัณฑ์งานบ้านงานครัว,6,5105010100.000,งบแสดงผลการดำเนินงาน,ค่าใช้จ่าย,1
5105010133.001,ค่าเสื่อมราคา - ครุภัณฑ์กีฬา,6,5105010100.000,งบแสดงผลการดำเนินงาน,ค่าใช้จ่าย,1
5105010135.001,ค่าเสื่อมราคา - ครุภัณฑ์ดนตรี,6,5105010100.000,งบแสดงผลการดำเนินงาน,ค่าใช้จ่าย,1
5105010137.001,ค่าเสื่อมราคา - ครุภัณฑ์สนาม,6,5105010100.000,งบแสดงผลการดำเนินงาน,ค่าใช้จ่าย,1
5105010139.001,ค่าเสื่อมราคา - ครุภัณฑ์อื่น,6,5105010100.000,งบแสดงผลการดำเนินงาน,ค่าใช้จ่าย,1
5105010140.001,ค่าเสื่อมราคา - ครุภัณฑ์ภายใต้สัญญาเช่า,6,5105010100.000,งบแสดงผลการดำเนินงาน,ค่าใช้จ่าย,1
5105010143.001,ค่าเสื่อมราคา - ถนน,6,5105010100.000,งบแสดงผลการดำเนินงาน,ค่าใช้จ่าย,1
5105010144.001,ค่าเสื่อมราคา - สะพาน,6,5105010100.000,งบแสดงผลการดำเนินงาน,ค่าใช้จ่าย,1
5105010145.001,ค่าเสื่อมราคา - เขื่อน,6,5105010100.000,งบแสดงผลการดำเนินงาน,ค่าใช้จ่าย,1
5105010146.001,ค่าเสื่อมราคา - อ่างเก็บน้ำ,6,5105010100.000,งบแสดงผลการดำเนินงาน,ค่าใช้จ่าย,1
5105010147.001,ค่าเสื่อมราคา - สินทรัพย์โครงสร้างพื้นฐานอื่น,6,5105010100.000,งบแสดงผลการดำเนินงาน,ค่าใช้จ่าย,1
5105010148.001,ค่าตัดจำหน่าย - โปรแกรมคอมพิวเตอร์,6,5105010100.000,งบแสดงผลการดำเนินงาน,ค่าใช้จ่าย,1
5105010149.001,ค่าตัดจำหน่าย - สินทรัพย์,6,5105010100.000,งบแสดงผลการดำเนินงาน,ค่าใช้จ่าย,1
5105010152.001,ค่าเสื่อมราคา - อสังหาริมทรัพย์เพื่อการลงทุน,6,5105010100.000,งบแสดงผลการดำเนินงาน,ค่าใช้จ่าย,1
5105010158.001,ค่าเสื่อมราคา - ส่วนปรับปรุงอาคาร,6,5105010100.000,งบแสดงผลการดำเนินงาน,ค่าใช้จ่าย,1
5105010169.001,ค่าตัดจำหน่าย - โปรแกรมคอมพิวเตอร์ภายใต้,6,5105010100.000,งบแสดงผลการดำเนินงาน,ค่าใช้จ่าย,1
5105010170.001,ค่าตัดจำหน่าย- สินทรัพย์ไม่มีตัวตนอื่นภายใต้,6,5105010100.000,งบแสดงผลการดำเนินงาน,ค่าใช้จ่าย,1
5105010194.001,ค่าเสื่อมราคา - อาคารและ,6,5105010100.000,งบแสดงผลการดำเนินงาน,ค่าใช้จ่าย,1
5105010195.001,ค่าเสื่อมราคา - ครุภัณฑ์ไม่ระบุรายละเอียด,6,5105010100.000,งบแสดงผลการดำเนินงาน,ค่าใช้จ่าย,1
5105010197.001,ค่าเสื่อมราคา - สินทรัพย์โครงสร้างพื้นฐาน,6,5105010100.000,งบแสดงผลการดำเนินงาน,ค่าใช้จ่าย,1
5105010198.001,ค่าตัดจำหน่าย - สินทรัพย์ไม่มีตัวตน,6,5105010100.000,งบแสดงผลการดำเนินงาน,ค่าใช้จ่าย,1
5107000000.000,ค่าใช้จ่ายเงินอุดหนุน,3,5100000000.000,งบแสดงผลการดำเนินงาน,ค่าใช้จ่าย,0
5107010000.000,ค่าใช้จ่ายเงินอุดหนุน - เพื่อการดำเนนิ งาน,4,5107000000.000,งบแสดงผลการดำเนินงาน,ค่าใช้จ่าย,0
5107010101.001,ค่าใช้จ่ายอุดหนุน - หน่วยงานภาครัฐ,6,5107010100.000,งบแสดงผลการดำเนินงาน,ค่าใช้จ่าย,1
5107010103.001,ค่าใช้จ่ายอุดหนุน - องค์กรปกครองส่วนท้องถิ่น,6,5107010100.000,งบแสดงผลการดำเนินงาน,ค่าใช้จ่าย,1
5107010104.001,ค่าใช้จ่ายอุดหนุนเพื่อการดำเนินงาน -,6,5107010100.000,งบแสดงผลการดำเนินงาน,ค่าใช้จ่าย,1
5107010105.001,ค่าใช้จ่ายอุดหนุนเพื่อการดำเนินงาน -,6,5107010100.000,งบแสดงผลการดำเนินงาน,ค่าใช้จ่าย,1
5107010106.001,เงินอุดหนุนเพื่อการดำเนินงาน - องค์กรไม่หวัง,6,5107010100.000,งบแสดงผลการดำเนินงาน,ค่าใช้จ่าย,1
5107010109.001,ค่าใช้จ่ายอุดหนุนเพื่อการดำเนินงาน -,6,5107010100.000,งบแสดงผลการดำเนินงาน,ค่าใช้จ่าย,1
5107010110.001,ค่าใช้จ่ายอุดหนุนเพื่อการดำเนินงาน -,6,5107010100.000,งบแสดงผลการดำเนินงาน,ค่าใช้จ่าย,1
5107010111.001,ค่าใช้จ่ายอุดหนุนเพื่อการดำเนินงาน -,6,5107010100.000,งบแสดงผลการดำเนินงาน,ค่าใช้จ่าย,1
5107010112.001,ค่าใช้จ่ายอุดหนุนเพื่อชดเชยจากทุนหมุนเวียน,6,5107010100.000,งบแสดงผลการดำเนินงาน,ค่าใช้จ่าย,1
5107010113.001,ค่าใช้จ่ายช่วยเหลือตามมาตรการของรัฐบาล,6,5107010100.000,งบแสดงผลการดำเนินงาน,ค่าใช้จ่าย,1
5107010114.001,ค่าใช้จ่ายสวัสดิการของรัฐบาล,6,5107010100.000,งบแสดงผลการดำเนินงาน,ค่าใช้จ่าย,1
5107010115.001,ค่าใช้จ่ายอุดหนุนเพื่อโภชนาการ,6,5107010100.000,งบแสดงผลการดำเนินงาน,ค่าใช้จ่าย,1
5107010116.001,ค่าใช้จ่ายอุดหนุนเพื่อการศึกษา,6,5107010100.000,งบแสดงผลการดำเนินงาน,ค่าใช้จ่าย,1
5107010117.001,ค่าใช้จ่ายอุดหนุนเพื่อการบริการสังคม,6,5107010100.000,งบแสดงผลการดำเนินงาน,ค่าใช้จ่าย,1
5107010117.002,ค่าใช้จ่ายด้านสาธารณสุขตามอำนาจหน้าที่ของ,6,5107010100.000,งบแสดงผลการดำเนินงาน,ค่าใช้จ่าย,1
5107010199.001,ค่าใช้จ่ายอุดหนุนเพื่อการดำเนินงานอื่น,6,5107010100.000,งบแสดงผลการดำเนินงาน,ค่าใช้จ่าย,1
5107020000.000,ค่าใช้จ่ายเงินอุดหนุน - เพื่อการลงทนุ,4,5107000000.000,งบแสดงผลการดำเนินงาน,ค่าใช้จ่าย,0
5107020103.001,ค่าใช้จ่ายอุดหนุนเพื่อการลงทุน - องค์กร,6,5107020100.000,งบแสดงผลการดำเนินงาน,ค่าใช้จ่าย,1
5107020104.001,ค่าใช้จ่ายอุดหนุนเพื่อการลงทุน - ธุรกิจ,6,5107020100.000,งบแสดงผลการดำเนินงาน,ค่าใช้จ่าย,1
5107020105.001,ค่าใช้จ่ายอุดหนุนเพื่อการลงทุน - องค์กร,6,5107020100.000,งบแสดงผลการดำเนินงาน,ค่าใช้จ่าย,1
5107020107.001,ค่าใช้จ่ายอุดหนุนเพื่อการลงทุน - รัฐวิสาหกิจ,6,5107020100.000,งบแสดงผลการดำเนินงาน,ค่าใช้จ่าย,1
5107020108.001,ค่าใช้จ่ายอุดหนุนเพื่อการลงทุน - รัฐวิสาหกิจ,6,5107020100.000,งบแสดงผลการดำเนินงาน,ค่าใช้จ่าย,1
5107020199.001,ค่าใช้จ่ายอุดหนุนเพื่อการลงทุนอื่น,6,5107020100.000,งบแสดงผลการดำเนินงาน,ค่าใช้จ่าย,1
5108000000.000,หนี้สูญและหนี้สงสยั จะสูญ,3,5100000000.000,งบแสดงผลการดำเนินงาน,ค่าใช้จ่าย,0
5108010101.001,หนี้สูญ - ลูกหนี้ค่าสินค้าและบริการ,6,5108010100.000,งบแสดงผลการดำเนินงาน,ค่าใช้จ่าย,1
5108010101.002,หนี้สูญ - ลูกหนี้ภาษีโรงเรือนและที่ดิน,6,5108010100.000,งบแสดงผลการดำเนินงาน,ค่าใช้จ่าย,1
5108010101.003,หนี้สูญ - ลูกหนี้ภาษีบำรุงท้องที่,6,5108010100.000,งบแสดงผลการดำเนินงาน,ค่าใช้จ่าย,1
5108010101.004,หนี้สูญ - ลูกหนี้ภาษีป้าย,6,5108010100.000,งบแสดงผลการดำเนินงาน,ค่าใช้จ่าย,1
5108010101.005,หนี้สูญ - ลูกหนี้ภาษีที่ดินและ,6,5108010100.000,งบแสดงผลการดำเนินงาน,ค่าใช้จ่าย,1
5108010101.006,หนี้สูญ - ลูกหนี้ค่ารักษาพยาบาลสิทธิ,6,5108010100.000,งบแสดงผลการดำเนินงาน,ค่าใช้จ่าย,1
5108010101.007,หนี้สูญ - ลูกหนี้ค่ารักษาพยาบาลสิทธิ,6,5108010100.000,งบแสดงผลการดำเนินงาน,ค่าใช้จ่าย,1
5108010101.008,หนี้สูญ - ลูกหนี้ค่ารักษาพยาบาลสิทธิพ.ร.บ. รถ,6,5108010100.000,งบแสดงผลการดำเนินงาน,ค่าใช้จ่าย,1
5108010101.009,หนี้สูญ - ลูกหนี้ค่ารักษาพยาบาลสิทธิเบิกตรง,6,5108010100.000,งบแสดงผลการดำเนินงาน,ค่าใช้จ่าย,1
5108010101.010,หนี้สูญ - ลูกหนี้ค่ารักษาพยาบาลสิทธิเบิกตรง,6,5108010100.000,งบแสดงผลการดำเนินงาน,ค่าใช้จ่าย,1
5108010101.011,หนี้สูญ - ลูกหนี้ค่ารักษาพยาบาลสิทธิเบิกตรง,6,5108010100.000,งบแสดงผลการดำเนินงาน,ค่าใช้จ่าย,1
5108010101.012,หนี้สูญ - ลูกหนี้ค่ารักษาพยาบาลสิทธิเบิกตรง,6,5108010100.000,งบแสดงผลการดำเนินงาน,ค่าใช้จ่าย,1
5108010101.997,หนี้สูญ - ลูกหนี้อื่นระยะยาว,6,5108010100.000,งบแสดงผลการดำเนินงาน,ค่าใช้จ่าย,1
5108010101.998,หนี้สูญ - ลูกหนี้ค่ารักษาพยาบาลอื่น,6,5108010100.000,งบแสดงผลการดำเนินงาน,ค่าใช้จ่าย,1
5108010101.999,หนี้สูญ - ลูกหนี้อื่นบุคคลภายนอก,6,5108010100.000,งบแสดงผลการดำเนินงาน,ค่าใช้จ่าย,1
5108010105.001,หนี้สูญ - เงินให้กู้ หมายถงึ หนี้สูญจากเงินให้กู้แก่ลูกค้า ที่ตัดจ่ายโดยไม่มีการตงั้สำรองไว้ก่อน,6,5108010100.000,งบแสดงผลการดำเนินงาน,ค่าใช้จ่าย,1
5108010106.001,หนี้สูญ - เงินให้ยืม,6,5108010100.000,งบแสดงผลการดำเนินงาน,ค่าใช้จ่าย,1
5108010107.001,หนี้สงสัยจะสูญ - ลูกหนี้ค่าสินค้าและบริการ,6,5108010100.000,งบแสดงผลการดำเนินงาน,ค่าใช้จ่าย,1
5108010107.002,หนี้สงสัยจะสูญ - ลูกหนี้ภาษีโรงเรือนและที่ดิน,6,5108010100.000,งบแสดงผลการดำเนินงาน,ค่าใช้จ่าย,1
5108010107.003,หนี้สงสัยจะสูญ - ลูกหนี้ภาษีบำรุงท้องที่,6,5108010100.000,งบแสดงผลการดำเนินงาน,ค่าใช้จ่าย,1
5108010107.004,หนี้สงสัยจะสูญ - ลูกหนี้ภาษีป้าย,6,5108010100.000,งบแสดงผลการดำเนินงาน,ค่าใช้จ่าย,1
5108010107.005,หนี้สงสัยจะสูญ - ลูกหนี้ภาษีที่ดิน,6,5108010100.000,งบแสดงผลการดำเนินงาน,ค่าใช้จ่าย,1
5108010107.006,หนี้สงสัยจะสูญ - ลูกหนี้ค่ารักษาพยาบาล,6,5108010100.000,งบแสดงผลการดำเนินงาน,ค่าใช้จ่าย,1
5108010107.007,หนี้สงสัยจะสูญ - ลูกหนี้ค่ารักษาพยาบาล,6,5108010100.000,งบแสดงผลการดำเนินงาน,ค่าใช้จ่าย,1
5108010107.008,หนี้สงสัยจะสูญ - ลูกหนี้ค่ารักษาพยาบาล,6,5108010100.000,งบแสดงผลการดำเนินงาน,ค่าใช้จ่าย,1
5108010107.009,หนี้สงสัยจะสูญ - ลูกหนี้ค่ารักษาพยาบาล,6,5108010100.000,งบแสดงผลการดำเนินงาน,ค่าใช้จ่าย,1
5108010107.010,หนี้สงสัยจะสูญ - ลูกหนี้ค่ารักษาพยาบาล,6,5108010100.000,งบแสดงผลการดำเนินงาน,ค่าใช้จ่าย,1
5108010107.011,หนี้สงสัยจะสูญ - ลูกหนี้ค่ารักษาพยาบาล,6,5108010100.000,งบแสดงผลการดำเนินงาน,ค่าใช้จ่าย,1
5108010107.012,หนี้สงสัยจะสูญ - ลูกหนี้ค่ารักษาพยาบาล,6,5108010100.000,งบแสดงผลการดำเนินงาน,ค่าใช้จ่าย,1
5108010107.997,หนี้สงสัยจะสูญ - ลูกหนี้อื่นระยะยาว,6,5108010100.000,งบแสดงผลการดำเนินงาน,ค่าใช้จ่าย,1
5108010107.998,หนี้สงสัยจะสูญ - ลูกหนี้ค่ารักษาพยาบาลอื่น,6,5108010100.000,งบแสดงผลการดำเนินงาน,ค่าใช้จ่าย,1
5108010107.999,หนี้สงสัยจะสูญ - ลูกหนี้อื่นบุคคลภายนอก,6,5108010100.000,งบแสดงผลการดำเนินงาน,ค่าใช้จ่าย,1
5200000000.000,ค่าใช้จ่ายที่ไม่เกิดจากการดำเนินงาน,2,5000000000.000,งบแสดงผลการดำเนินงาน,ค่าใช้จ่าย,0
5201000000.000,ต้นทุนการกู้ยืม,3,5200000000.000,งบแสดงผลการดำเนินงาน,ค่าใช้จ่าย,0
5201010000.000,ดอกเบี้ยจ่ายของเงนิ กู้ระยะสั้น,4,5201000000.000,งบแสดงผลการดำเนินงาน,ค่าใช้จ่าย,0
5201010100.000,ดอกเบี้ยจ่าย - เงินกู้ระยะสั้น,5,5201010000.000,งบแสดงผลการดำเนินงาน,ค่าใช้จ่าย,0
5201010102.001,ดอกเบี้ยจ่าย - ในประเทศ,6,5201010100.000,งบแสดงผลการดำเนินงาน,ค่าใช้จ่าย,1
5201020000.000,ดอกเบี้ยจ่ายของเงนิ กู้ระยะยาว,4,5201000000.000,งบแสดงผลการดำเนินงาน,ค่าใช้จ่าย,0
5201020100.000,ดอกเบี้ยจ่าย - เงินกู้ระยะยาว,5,5201020000.000,งบแสดงผลการดำเนินงาน,ค่าใช้จ่าย,0
5201020102.001,ดอกเบี้ยจ่าย - ในประเทศ,6,5201020100.000,งบแสดงผลการดำเนินงาน,ค่าใช้จ่าย,1
5201030000.000,ค่าใช้จ่ายที่เกี่ยวกับการเงินอนื่ ๆ,4,5201000000.000,งบแสดงผลการดำเนินงาน,ค่าใช้จ่าย,0
5201030101.001,ดอกเบี้ยจ่ายตามสัญญาเช่าการเงิน,6,5201030100.000,งบแสดงผลการดำเนินงาน,ค่าใช้จ่าย,1
5201030102.001,ค่าธรรมเนียมเงินกู้,6,5201030100.000,งบแสดงผลการดำเนินงาน,ค่าใช้จ่าย,1
5201030199.001,ค่าใช้จ่ายทางการเงินอื่น,6,5201030100.000,งบแสดงผลการดำเนินงาน,ค่าใช้จ่าย,1
5203000000.000,ค่าจำหน่ายจากการขายสินทรัพย์,3,5200000000.000,งบแสดงผลการดำเนินงาน,ค่าใช้จ่าย,0
5203010102.001,ค่าจำหน่าย - อสังหาริมทรัพย์เพื่อการลงทุน,6,5203010100.000,งบแสดงผลการดำเนินงาน,ค่าใช้จ่าย,1
5203010103.001,ค่าจำหน่าย - ที่ดินกรรมสิทธิ์,6,5203010100.000,งบแสดงผลการดำเนินงาน,ค่าใช้จ่าย,1
5203010105.001,ค่าจำหน่าย - อาคารเพื่อการพักอาศัย,6,5203010100.000,งบแสดงผลการดำเนินงาน,ค่าใช้จ่าย,1
5203010106.001,ค่าจำหน่าย - อาคารสำนักงาน,6,5203010100.000,งบแสดงผลการดำเนินงาน,ค่าใช้จ่าย,1
5203010107.001,ค่าจำหน่าย - อาคารเพื่อประโยชน์อื่น,6,5203010100.000,งบแสดงผลการดำเนินงาน,ค่าใช้จ่าย,1
5203010108.001,ค่าจำหน่าย - ส่วนปรับปรุงอาคาร,6,5203010100.000,งบแสดงผลการดำเนินงาน,ค่าใช้จ่าย,1
5203010109.001,ค่าจำหน่าย - สิ่งปลกู สร้าง,6,5203010100.000,งบแสดงผลการดำเนินงาน,ค่าใช้จ่าย,1
5203010111.001,ค่าจำหน่าย - ครุภัณฑ์สำนักงาน,6,5203010100.000,งบแสดงผลการดำเนินงาน,ค่าใช้จ่าย,1
5203010112.001,ค่าจำหน่าย - ครุภัณฑ์ยานพาหนะและขนส่ง,6,5203010100.000,งบแสดงผลการดำเนินงาน,ค่าใช้จ่าย,1
5203010113.001,ค่าจำหน่าย - ครุภัณฑ์ไฟฟ้าและวิทยุ,6,5203010100.000,งบแสดงผลการดำเนินงาน,ค่าใช้จ่าย,1
5203010114.001,ค่าจำหน่าย - ครุภัณฑ์โฆษณาและเผยแพร่,6,5203010100.000,งบแสดงผลการดำเนินงาน,ค่าใช้จ่าย,1
5203010115.001,ค่าจำหน่าย - ครุภัณฑ์การเกษตร,6,5203010100.000,งบแสดงผลการดำเนินงาน,ค่าใช้จ่าย,1
5203010116.001,ค่าจำหน่าย - ครุภัณฑ์โรงงาน,6,5203010100.000,งบแสดงผลการดำเนินงาน,ค่าใช้จ่าย,1
5203010117.001,ค่าจำหน่าย - ครุภัณฑ์ก่อสร้าง,6,5203010100.000,งบแสดงผลการดำเนินงาน,ค่าใช้จ่าย,1
5203010118.001,ค่าจำหน่าย - ครุภัณฑ์สำรวจ,6,5203010100.000,งบแสดงผลการดำเนินงาน,ค่าใช้จ่าย,1
5203010119.001,ค่าจำหน่าย - ครุภัณฑ์วิทยาศาสตร์และ,6,5203010100.000,งบแสดงผลการดำเนินงาน,ค่าใช้จ่าย,1
5203010120.001,ค่าจำหน่าย - ครุภัณฑ์คอมพิวเตอร์,6,5203010100.000,งบแสดงผลการดำเนินงาน,ค่าใช้จ่าย,1
5203010121.001,ค่าจำหน่าย - ครุภัณฑ์การศึกษา,6,5203010100.000,งบแสดงผลการดำเนินงาน,ค่าใช้จ่าย,1
5203010122.001,ค่าจำหน่าย - ครุภัณฑ์งานบ้าน,6,5203010100.000,งบแสดงผลการดำเนินงาน,ค่าใช้จ่าย,1
5203010123.001,ค่าจำหน่าย - ครุภัณฑ์กีฬา,6,5203010100.000,งบแสดงผลการดำเนินงาน,ค่าใช้จ่าย,1
5203010124.001,ค่าจำหน่าย - ครุภัณฑ์ดนตรี,6,5203010100.000,งบแสดงผลการดำเนินงาน,ค่าใช้จ่าย,1
5203010125.001,ค่าจำหน่าย - ครุภัณฑ์สนาม,6,5203010100.000,งบแสดงผลการดำเนินงาน,ค่าใช้จ่าย,1
5203010126.001,ค่าจำหน่าย - ครุภัณฑ์อื่น,6,5203010100.000,งบแสดงผลการดำเนินงาน,ค่าใช้จ่าย,1
5203010128.001,ค่าจำหน่าย - ถนน,6,5203010100.000,งบแสดงผลการดำเนินงาน,ค่าใช้จ่าย,1
5203010129.001,ค่าจำหน่าย - สะพาน,6,5203010100.000,งบแสดงผลการดำเนินงาน,ค่าใช้จ่าย,1
5203010130.001,ค่าจำหน่าย - เขื่อน,6,5203010100.000,งบแสดงผลการดำเนินงาน,ค่าใช้จ่าย,1
5203010131.001,ค่าจำหน่าย - อ่างเก็บน้ำ,6,5203010100.000,งบแสดงผลการดำเนินงาน,ค่าใช้จ่าย,1
5203010132.001,ค่าจำหน่าย - สินทรัพย์โครงสร้างพื้นฐานอื่น,6,5203010100.000,งบแสดงผลการดำเนินงาน,ค่าใช้จ่าย,1
5203010133.001,ค่าจำหน่าย - โปรแกรมคอมพิวเตอร์,6,5203010100.000,งบแสดงผลการดำเนินงาน,ค่าใช้จ่าย,1
5203010134.001,ค่าจำหน่าย - สินทรัพย์ไม่มีตัวตนอื่น,6,5203010100.000,งบแสดงผลการดำเนินงาน,ค่าใช้จ่าย,1
5203010144.001,ค่าจำหน่าย - ที่ดินไม่ระบุรายละเอียด,6,5203010100.000,งบแสดงผลการดำเนินงาน,ค่าใช้จ่าย,1
5203010145.001,ค่าจำหน่าย - อาคารและสิ่งปลูกสร้าง,6,5203010100.000,งบแสดงผลการดำเนินงาน,ค่าใช้จ่าย,1
5203010146.001,ค่าจำหน่าย - ครุภัณฑ์ไม่ระบุรายละเอียด,6,5203010100.000,งบแสดงผลการดำเนินงาน,ค่าใช้จ่าย,1
5203010147.001,ค่าจำหน่าย - สินทรัพย์ไม่มีตัวตน,6,5203010100.000,งบแสดงผลการดำเนินงาน,ค่าใช้จ่าย,1
5204000000.000,ขาดทุนจากการประเมินราคาและการด้อยค่าสินทรัพย์,3,5200000000.000,งบแสดงผลการดำเนินงาน,ค่าใช้จ่าย,0
5204010000.000,ขาดทุนจากการประเมินราคาและการด้อยค่าสินทรัพย์,4,5204000000.000,งบแสดงผลการดำเนินงาน,ค่าใช้จ่าย,0
5204010100.000,การประเมินราคาและการด้อยค่าสินทรัพย์,5,5204010000.000,งบแสดงผลการดำเนินงาน,ค่าใช้จ่าย,0
5204010102.001,ขาดทุนที่เกิดขึ้นแล้วของเงินลงทุน,6,5204010100.000,งบแสดงผลการดำเนินงาน,ค่าใช้จ่าย,1
5204010103.001,ขาดทุนที่ยังไม่เกิดขนึ้ ของเงินลงทุนอื่น,6,5204010100.000,งบแสดงผลการดำเนินงาน,ค่าใช้จ่าย,1
5204010104.001,ขาดทุนจากการด้อยค่าเงินลงทุน,6,5204010100.000,งบแสดงผลการดำเนินงาน,ค่าใช้จ่าย,1
5204010200.000,การประเมินราคาของสินทรัพย์ที่ไม่ใช่สินทรัพย์,5,5204010000.000,งบแสดงผลการดำเนินงาน,ค่าใช้จ่าย,0
5204010201.001,ขาดทุนจากการตีราคาสินค้าคงเหลือ,6,5204010200.000,งบแสดงผลการดำเนินงาน,ค่าใช้จ่าย,1
5205000000.000,ค่าใช้จ่ายเกี่ยวกับภัยพิบัติ,3,5200000000.000,งบแสดงผลการดำเนินงาน,ค่าใช้จ่าย,0
5205010101.001,ค่าใช้จ่ายเงินช่วยเหลือผู้ประสบภัย,6,5205010100.000,งบแสดงผลการดำเนินงาน,ค่าใช้จ่าย,1
5208000000.000,ค่าใช้จ่ายจากการรับโอนหนี้สนิ,3,5200000000.000,งบแสดงผลการดำเนินงาน,ค่าใช้จ่าย,0
5208010101.001,ค่าใช้จ่ายจากการรับโอนหนี้สิน - หน่วยงาน,6,5208010100.000,งบแสดงผลการดำเนินงาน,ค่าใช้จ่าย,1
5210000000.000,ค่าใช้จ่ายระหว่างหน่วยงานกรณีอื่น,3,5200000000.000,งบแสดงผลการดำเนินงาน,ค่าใช้จ่าย,0
5210010121.001,ค่าใช้จ่ายระหว่างหน่วยงาน -,6,5210010100.000,งบแสดงผลการดำเนินงาน,ค่าใช้จ่าย,1
5210010121.002,ค่าใช้จ่ายระหว่างหน่วยงาน -,6,5210010100.000,งบแสดงผลการดำเนินงาน,ค่าใช้จ่าย,1
5210010121.003,ค่าใช้จ่ายระหว่างหน่วยงาน -,6,5210010100.000,งบแสดงผลการดำเนินงาน,ค่าใช้จ่าย,1
5210010121.004,ค่าใช้จ่ายระหว่างหน่วยงาน -,6,5210010100.000,งบแสดงผลการดำเนินงาน,ค่าใช้จ่าย,1
5210010121.005,ค่าใช้จ่ายระหว่างหน่วยงาน -,6,5210010100.000,งบแสดงผลการดำเนินงาน,ค่าใช้จ่าย,1
5210010121.997,ค่าใช้จ่ายระหว่างหน่วยงาน -,6,5210010100.000,งบแสดงผลการดำเนินงาน,ค่าใช้จ่าย,1
5210010121.998,ค่าใช้จ่ายระหว่างหน่วยงาน -,6,5210010100.000,งบแสดงผลการดำเนินงาน,ค่าใช้จ่าย,1
5210010121.999,ค่าใช้จ่ายระหว่างหน่วยงาน -,6,5210010100.000,งบแสดงผลการดำเนินงาน,ค่าใช้จ่าย,1
5211000000.000,ค่าใช้จ่ายจากการโอนสินทรัพย์,3,5200000000.000,งบแสดงผลการดำเนินงาน,ค่าใช้จ่าย,0
5211010101.001,โอนสินทรัพย์ให้หน่วยงานของรัฐ,6,5211010100.000,งบแสดงผลการดำเนินงาน,ค่าใช้จ่าย,1
5211010102.001,บริจาคสินทรัพย์ให้หน่วยงานภายนอก,6,5211010100.000,งบแสดงผลการดำเนินงาน,ค่าใช้จ่าย,1
5211010102.002,บริจาคสินทรัพย์ให้บุคคลภายนอก,6,5211010100.000,งบแสดงผลการดำเนินงาน,ค่าใช้จ่าย,1
5212000000.000,ค่าใช้จ่ายอื่น,3,5200000000.000,งบแสดงผลการดำเนินงาน,ค่าใช้จ่าย,0
5212010199.001,เงินสมทบกองทุนสวัสดิการชุมชน,6,5212010100.000,งบแสดงผลการดำเนินงาน,ค่าใช้จ่าย,1
5212010199.002,เงินสมทบกองทุนหลักประกันสุขภาพองค์กร,6,5212010100.000,งบแสดงผลการดำเนินงาน,ค่าใช้จ่าย,1
5212010199.003,ค่าใช้จ่ายสำหรับผู้ป่วยยากไร้,6,5212010100.000,งบแสดงผลการดำเนินงาน,ค่าใช้จ่าย,1
5212010199.004,ค่าอาหารสำหรับสัตว์,6,5212010100.000,งบแสดงผลการดำเนินงาน,ค่าใช้จ่าย,1
5212010199.005,ค่าบำรุงสมาคมองค์กรปกครองส่วนท้องถิ่น,6,5212010100.000,งบแสดงผลการดำเนินงาน,ค่าใช้จ่าย,1
5212010199.006,ค่าภาษีที่จ่ายให้องค์กรปกครองส่วนท้องถิ่นตาม,6,5212010100.000,งบแสดงผลการดำเนินงาน,ค่าใช้จ่าย,1
5212010199.007,ค่าใช้จ่ายฝ่ายอำนวยการ,6,5212010100.000,งบแสดงผลการดำเนินงาน,ค่าใช้จ่าย,1
5212010199.999,ค่าใช้จ่ายอื่น,6,5212010100.000,งบแสดงผลการดำเนินงาน,ค่าใช้จ่าย,1
5400000000.000,รายการพิเศษหลังหักภาษี,2,5000000000.000,งบแสดงผลการดำเนินงาน,ค่าใช้จ่าย,0
5401010101.001,ขาดทุนจากรายการพิเศษ,6,5401010100.000,งบแสดงผลการดำเนินงาน,ค่าใช้จ่าย,1
