subdistrict,district,province,budget_year,project_id,project_name,project_type,dept_name,dept_sub_name,purchase_method,purchase_method_group,announce_date,transaction_date,budget_amount,reference_price,contract_value,price_ratio,project_status,contract_no,contract_date,contract_finish_date,contract_duration_days,contract_status,winner_name,winner_tin,latitude,longitude,fraud_risk_flag,fraud_risk_issues,data_quality_note,source_file
ท่าช้าง,บางกล่ำ,สงขลา,2566,65127236035,ประกวดราคาจ้างก่อสร้างโครงการเสริมผิวลาดยางแอสฟัลติกคอนกรีต ถนนสาย สข.1058 แยกทางหลวงหมายเลข 4 - นิคมอุตสาหกรรมฉลุง ขนาดผิวจราจรกว้าง 14.00 - 21.00 เมตร หนา 0.05 - 0.07 เมตร ไหล่ทางกว้างข้างละ 0.00 -2.30 เมตร ระยะทาง 4.225 กิโลเมตร ตำบลท่าช้าง อำเภอบางกล่ำ และตำบลฉลุง อำเภอหาดใหญ่ จังหวัดสงขลา ด้วยวิธีประกวดราคาอิเล็กทรอนิกส์ (e-bidding),จ้างก่อสร้าง,กรมทางหลวงชนบท,แขวงทางหลวงชนบทสงขลา,ประกวดราคาอิเล็กทรอนิกส์ (e-bidding),วิธีการจัดหา ประกาศเชิญชวนทั่วไป คัดเลือก เฉพาะเจาะจง,2023-01-10,2023-02-27,42200000,42204516.82,42180000,0.9994,ระหว่างดำเนินการ,300/2566,2023-02-27,2023-07-04,127,ระหว่างดำเนินการ,ห้างหุ้นส่วนจำกัด เพชรรุ่งโรจน์ก่อสร้าง,0933543000545,7.030023817125638,100.4037094116211,,,,โครงการท่าช้าง66.csv
ท่าช้าง,บางกล่ำ,สงขลา,2566,65047072637,ประกวดราคาจ้างก่อสร้างขยายผิวจราจรถนนลาดยางแอสฟัลต์คอนกรีต สายบ้านท่าไทร ตำบลท่าช้าง อำเภอบางกล่ำ - บ้านบางเหรียง ตำบลบางเหรียง อำเภอควนเนียง จังหวัดสงขลา  กว้าง ๑๒.๐๐ เมตร ระยะทาง ๑.๐๐๐  กิโลเมตร รหัสสายทาง สขถ.๑-๐๐๔๔  รายละเอียดตามแบบแปลนขององค์การบริหารส่วนจังหวัดสงขลา ที่ ท-๐๐๗/๒๕๖๔ ด้วยวิธีประกวดราคาอิเล็กทรอนิกส์ (e-bidding),จ้างก่อสร้าง,องค์การบริหารส่วนจังหวัดสงขลา,องค์การบริหารส่วนจังหวัดสงขลา,ประกวดราคาอิเล็กทรอนิกส์ (e-bidding),วิธีการจัดหา ประกาศเชิญชวนทั่วไป คัดเลือก เฉพาะเจาะจง,2022-09-06,2022-11-03,12500000,12640463.33,12489000,0.9880,ระหว่างดำเนินการ,23/2566,2022-11-03,2023-04-02,150,ระหว่างดำเนินการ,ห้างหุ้นส่วนจำกัด เอส.แอล.เอส.คอนส์,0903561002228,7.04631366041095,100.389197304342,,,,โครงการท่าช้าง66.csv
ท่าช้าง,บางกล่ำ,สงขลา,2566,66027162573,"ประกวดราคาจ้างก่อสร้างถนนคอนกรีตเสริมเหล็ก รหัสทางหลวงท้องถิ่น สข.ถ. 23022 สายหัวสะพาน - คลองวาด หมู่ที่ 11 บ้านท่าไทร ตำบลท่าช้าง กว้าง 10 เมตร ยาว 919 เมตร และ กว้าง 5 เมตร ยาว 50 เมตร หนา 0.15 เมตร หรือมีพื้นที่ไม่น้อยกว่า 9,440 ตารางเมตร เทศบาลตำบลท่าช้าง อำเภอบางกล่ำ จังหวัดสงขลา ด้วยวิธีประกวดราคาอิเล็กทรอนิกส์ (e-bidding)",จ้างก่อสร้าง,เทศบาลตำบลท่าช้าง,เทศบาลตำบลท่าช้าง,ประกวดราคาอิเล็กทรอนิกส์ (e-bidding),วิธีการจัดหา ประกาศเชิญชวนทั่วไป คัดเลือก เฉพาะเจาะจง,2023-03-08,2023-04-25,9577000,9565997.61,7031000,0.7350,ระหว่างดำเนินการ,15/2566,2023-04-25,2023-11-21,210,ระหว่างดำเนินการ,บริษัท พินันท์พัฒน์ก่อสร้าง จำกัด,0905545001419,7.0259348986609025,100.44971466064453,,,,โครงการท่าช้าง66.csv
ท่าช้าง,บางกล่ำ,สงขลา,2566,66049389166,ประกวดราคาจ้างก่อสร้างงานวางท่อติดตั้งประปาให้แก่ บจ.หาดใหญ่นครินทร์ หมู่ 1 ต.ท่าช้าง อ.บางกล่ำ จ.สงขลา การประปาส่วนภูมิภาคสาขาหาดใหญ่ (ชั้นพิเศษ) ด้วยวิธีประกวดราคาอิเล็กทรอนิกส์ (e-bidding),จ้างก่อสร้าง,การประปาส่วนภูมิภาค,การประปาส่วนภูมิภาคเขต 5,ประกวดราคาอิเล็กทรอนิกส์ (e-bidding),วิธีการจัดหา ประกาศเชิญชวนทั่วไป คัดเลือก เฉพาะเจาะจง,2023-05-11,2023-06-15,6145955,5652236,3745000,0.6626,ระหว่างดำเนินการ,กปภ.ข.5/45/2566,2023-06-15,2023-10-17,124,ระหว่างดำเนินการ,ห้างหุ้นส่วนจำกัด วัฒนะวิศวการโยธา 96,0903539000579,7.04631366041095,100.389197304342,,,,โครงการท่าช้าง66.csv
ท่าช้าง,บางกล่ำ,สงขลา,2566,66059298239,ประกวดราคาจ้างก่อสร้างคูระบายน้ำ คสล.สายบ้านชักพระ ตำบลควนลัง อำเภอหาดใหญ่ - บ้านหนองขวน ตำบลท่าช้าง อำเภอบางกล่ำ จังหวัดสงขลา กว้าง ๐.๕๐ เมตร ลึก ๐.๗๐  เมตร ยาว ๘๖๘.๐๐ เมตร รหัสสายทาง สข.ถ.๑-๐๒๑๐ รายละเอียดตามแบบแปลนขององค์การบริหารส่วนจังหวัดสงขลา ด้วยวิธีประกวดราคาอิเล็กทรอนิกส์ (e-bidding),จ้างก่อสร้าง,องค์การบริหารส่วนจังหวัดสงขลา,องค์การบริหารส่วนจังหวัดสงขลา,ประกวดราคาอิเล็กทรอนิกส์ (e-bidding),วิธีการจัดหา ประกาศเชิญชวนทั่วไป คัดเลือก เฉพาะเจาะจง,2023-06-21,2023-09-14,3500000,3795596.02,2730000,0.7193,ระหว่างดำเนินการ,119/2566,2023-09-14,2024-01-12,120,ระหว่างดำเนินการ,ห้างหุ้นส่วนจำกัด ซี เจ พี คอนสตรัคชั่น,0923551000061,7.040357208208308,100.389197304342,,,,โครงการท่าช้าง66.csv
ท่าช้าง,เฉลิมพระเกียรติ,นครราชสีมา,2566,65117013990,จ้างเหมาบริการซ่อมแซมถนนลาดยางแอสฟัลท์ติกคอนกรีต บริเวณถนนสายกลางนา 2 หมู่ที่ 4 ตำบลท่าช้าง อำเภอบางกล่ำ จังหวัดสงขลา โดยวิธีเฉพาะเจาะจง,จ้างทำของ/จ้างเหมาบริการ,เทศบาลตำบลท่าช้าง,เทศบาลตำบลท่าช้าง,เฉพาะเจาะจง,วิธีการจัดหา ประกาศเชิญชวนทั่วไป คัดเลือก เฉพาะเจาะจง,,2022-11-04,499500,499500,499500,1.0000,ระหว่างดำเนินการ,1/2566,2022-11-04,2022-12-04,30,ระหว่างดำเนินการ,ห้างหุ้นส่วนจำกัด หาดใหญ่ กรุ๊ป,0903551000541,,,,,ไม่มีพิกัด,โครงการท่าช้าง66.csv
ท่าช้าง,บางกล่ำ,สงขลา,2566,66037431109,จ้างย้ายแนวบ้านบางเหรียง (ช่วง3) ถ.สายบางเหรียง-บางเหรียง ต.ท่าช้าง อ.บางกล่ำ จ.สงขลา โดยวิธีเฉพาะเจาะจง,จ้างก่อสร้าง,การไฟฟ้าส่วนภูมิภาค,การไฟฟ้าส่วนภูมิภาคสาขาหาดใหญ่,เฉพาะเจาะจง,วิธีการจัดหา ประกาศเชิญชวนทั่วไป คัดเลือก เฉพาะเจาะจง,,2023-04-25,487973,487973,487588.3,0.9992,สิ้นสุดสัญญา,3002221907,2023-04-25,2023-05-25,30,สิ้นสุดสัญญา,ห้างหุ้นส่วนจำกัด หาดใหญ่อาร์.เอส.เอ็นจิเนียริ่ง,0903537001543,7.04631366041095,100.389197304342,,,,โครงการท่าช้าง66.csv
ท่าช้าง,เฉลิมพระเกียรติ,นครราชสีมา,2566,66037243948,จ้างซ่อมแซมหลุมบ่อถนนดินลูกรัง ภายใน หมู่ที่ 9 บ้านป่ายาง ตำบลท่าช้าง อำเภอบางกล่ำ จังหวัดสงขลา โดยวิธีเฉพาะเจาะจง,จ้างทำของ/จ้างเหมาบริการ,เทศบาลตำบลท่าช้าง,เทศบาลตำบลท่าช้าง,เฉพาะเจาะจง,วิธีการจัดหา ประกาศเชิญชวนทั่วไป คัดเลือก เฉพาะเจาะจง,,2023-04-25,461227.07,461227.07,461200,0.9999,ระหว่างดำเนินการ,18/2566,2023-04-25,2023-06-24,60,ระหว่างดำเนินการ,สุวรรณมณีวัสดุ,390110115xxxx,,,,,ไม่มีพิกัด; TIN ถูกปกปิดบางส่วนในต้นฉบับ,โครงการท่าช้าง66.csv
ท่าช้าง,เฉลิมพระเกียรติ,นครราชสีมา,2566,66027247390,จ้างจ้างซ่อมแซมถนนดินลูกรัง สายป้ายอ้ายเท่ง - ควนสูง - อนามัยป่ายาง หมู่ที่ 9 และหมู่ที่ 10 ตำบลท่าช้าง อำเภอบางกล่ำ จังหวัดสงขลา โดยวิธีเฉพาะเจาะจง,จ้างทำของ/จ้างเหมาบริการ,เทศบาลตำบลท่าช้าง,เทศบาลตำบลท่าช้าง,เฉพาะเจาะจง,วิธีการจัดหา ประกาศเชิญชวนทั่วไป คัดเลือก เฉพาะเจาะจง,,2023-02-24,397574.77,397574.77,397500,0.9998,ระหว่างดำเนินการ,12/2566,2023-02-24,2023-04-10,45,ระหว่างดำเนินการ,บริษัท เอชวายจี เอ็นจิเนียริ่ง จำกัด,0915564000457,,,,,ไม่มีพิกัด,โครงการท่าช้าง66.csv
ท่าช้าง,เฉลิมพระเกียรติ,นครราชสีมา,2566,66037438042,"จ้างซ่อมแซมผิวจราจรแอสฟัลท์ติกคอนกรีต ภายในเขตพื้นที่ หมู่ที่ 7,12 และหมู่ที่ 16 ตำบลท่าช้าง อำเภอบางกล่ำ จังหวัดสงขลา โดยวิธีเฉพาะเจาะจง",จ้างทำของ/จ้างเหมาบริการ,เทศบาลตำบลท่าช้าง,เทศบาลตำบลท่าช้าง,เฉพาะเจาะจง,วิธีการจัดหา ประกาศเชิญชวนทั่วไป คัดเลือก เฉพาะเจาะจง,,2023-04-04,367700,367700,367700,1.0000,ระหว่างดำเนินการ,13/2566,2023-04-04,2023-05-04,30,ระหว่างดำเนินการ,ห้างหุ้นส่วนจำกัด หาดใหญ่ กรุ๊ป,0903551000541,,,,,ไม่มีพิกัด,โครงการท่าช้าง66.csv
ท่าช้าง,บางกล่ำ,สงขลา,2566,66079546545,จ้างปรับปรุงย้ายแนวเสาแรงสูง ม.11  บ้านท่าไทร  ต.ท่าช้าง  อ.บางกล่ำ  จ.สงขลา โดยวิธีเฉพาะเจาะจง,จ้างก่อสร้าง,การไฟฟ้าส่วนภูมิภาค,การไฟฟ้าส่วนภูมิภาคสาขาหาดใหญ่,เฉพาะเจาะจง,วิธีการจัดหา ประกาศเชิญชวนทั่วไป คัดเลือก เฉพาะเจาะจง,,2023-08-17,334074,334074,333968.4,0.9997,ระหว่างดำเนินการ,3002281684,2023-08-17,2023-09-16,30,ระหว่างด,ห้างหุ้นส่วนจำกัด ซี.เอ็ม. มาสเตอร์ซัพพลาย,0903558002069,7.022197340165673,100.40173530578613,,,,โครงการท่าช้าง66.csv
ท่าช้าง,บางกล่ำ,สงขลา,2567,67039363843,ประกวดราคาจ้างก่อสร้างโครงการประตูระบายน้ำบ้านท่าช้างพร้อมอาคารประกอบ ตำบลท่าช้าง อำเภอบางกล่ำ จังหวัดสงขลา ด้วยวิธีประกวดราคาอิเล็กทรอนิกส์ (e-bidding),จ้างก่อสร้าง,กรมชลประทาน,สำนักงานก่อสร้าง 31 สำนักพัฒนาแหล่งน้ำขนาดกลาง,ประกวดราคาอิเล็กทรอนิกส์ (e-bidding),วิธีการจัดหา ประกาศเชิญชวนทั่วไป คัดเลือก เฉพาะเจาะจง,2024-04-17,2024-06-05,20080000,20072788.77,13740000,0.6845,ระหว่างดำเนินการ,ผคส.16(จ.)3/2567,2024-06-05,2024-12-03,181,ระหว่างดำเนินการ,ห้างหุ้นส่วนจำกัด บ้านฉางการโยธา,0903543001533,7.07741643619808,100.428128242493,,,,โครงการท่าช้าง67.csv
ท่าช้าง,บางกล่ำ,สงขลา,2567,67049161383,"ประกวดราคาจ้างก่อสร้างถนนแอสฟัลท์ติกคอนกรีต สายโรงพักเก่า - ดินลาน รหัสทางหลวงท้องถิ่น สข.ถ.23011 หมู่ที่ 6 และหมู่ที่ 15 บ้านคลองนกกระทุงและบ้านดินลาน ตำบลท่าช้าง กว้าง 6 เมตร ยาว 1,935 เมตร หนา 0.05 เมตร หรือมีพื้นที่ไม่น้อยกว่า 11,610 ตารางเมตร เทศบาลตำบลท่าช้าง อำเภอบางกล่ำ จังหวดสงขลา ด้วยวิธีประกวดราคาอิเล็กทรอนิกส์ (e-bidding)",จ้างก่อสร้าง,เทศบาลตำบลท่าช้าง,เทศบาลตำบลท่าช้าง,ประกวดราคาอิเล็กทรอนิกส์ (e-bidding),วิธีการจัดหา ประกาศเชิญชวนทั่วไป คัดเลือก เฉพาะเจาะจง,2024-04-25,2024-05-30,9867700,8771009.22,8239000,0.9393,ระหว่างดำเนินการ,18/2567,2024-05-30,2024-10-27,150,ระหว่างดำเนินการ,ห้างหุ้นส่วนจำกัด ซีบี คอน,0903550000768,7.03905338456414,100.417056083679,,,,โครงการท่าช้าง67.csv
ท่าช้าง,บางกล่ำ,สงขลา,2567,67049433670,ประกวดราคาจ้างก่อสร้างถนนลาดยางแอสฟัลท์ติกคอนกรีต สายบ่อหมาเลีย - ท่าช้าง รหัสทางหลวงท้องถิ่น สข.ถ.23071 หมู่ที่ 2 และหมู่ที่ 3 ตำบลท่าช้าง อำเภอบางกล่ำ จังหวัดสงขลา ด้วยวิธีประกวดราคาอิเล็กทรอนิกส์ (e-bidding),จ้างก่อสร้าง,เทศบาลตำบลท่าช้าง,เทศบาลตำบลท่าช้าง,ประกวดราคาอิเล็กทรอนิกส์ (e-bidding),วิธีการจัดหา ประกาศเชิญชวนทั่วไป คัดเลือก เฉพาะเจาะจง,2024-06-10,2024-08-01,9900000,8909576.77,7830000,0.8788,ระหว่างดำเนินการ,26/2567,2024-08-01,2024-12-29,150,ระหว่างดำเนินการ,บริษัท พินันท์พัฒน์ก่อสร้าง จำกัด,0905545001419,7.07855567149704,100.430048704147,,,,โครงการท่าช้าง67.csv
ท่าช้าง,บางกล่ำ,สงขลา,2567,67059060796,จ้างโครงการปรับปรุงซุ้มประตูเฉลิมพระเกียรติ เนื่องในโอกาสพระราชพิธีมหามงคลเฉลิมพระชนมพรรษา 6 รอบ 28 กรกฎาคม 2567 บริเวณแยกท่าท้อน (ลพบุรีราเมศวร์) ตำบลท่าช้าง อำเภอบางกล่่ำ จังหวัดสงขลา โดยวิธีเฉพาะเจาะจง,จ้างก่อสร้าง,องค์การบริหารส่วนจังหวัดสงขลา,องค์การบริหารส่วนจังหวัดสงขลา,เฉพาะเจาะจง,วิธีการจัดหา ประกาศเชิญชวนทั่วไป คัดเลือก เฉพาะเจาะจง,,2024-06-14,8372000,4956050.74,4953000,0.9994,ระหว่างดำเนินการ,157/2567,2024-06-14,2024-08-13,60,ระหว่างดำเนินการ,กิจการร่วมค้า ณัฐเดช,0993000504062,7.04631366041095,100.389197304342,,,,โครงการท่าช้าง67.csv
ท่าช้าง,บางกล่ำ,สงขลา,2567,67039282045,ประกวดราคาจ้างก่อสร้างติดตั้งระบบไฟฟ้าแสงสว่าง สายบ้านยางงาม ตำบลท่าช้าง  อำเภอบางกล่ำ - บ้านควนนา ตำบลกำแพงเพชร อำเภอรัตภูมิ จังหวัดสงขลา รหัสสายทาง สข.ถ. 1-0049 ด้วยวิธีประกวดราคาอิเล็กทรอนิกส์ (e-bidding),จ้างก่อสร้าง,องค์การบริหารส่วนจังหวัดสงขลา,องค์การบริหารส่วนจังหวัดสงขลา,ประกวดราคาอิเล็กทรอนิกส์ (e-bidding),วิธีการจัดหา ประกาศเชิญชวนทั่วไป คัดเลือก เฉพาะเจาะจง,2024-06-07,2024-07-23,3500000,3520983.32,3480000,0.9884,ระหว่างดำเนินการ,180/2567,2024-07-23,2024-10-21,90,ระหว่างดำเนินการ,บริษัท วิรุฬห์ แอนด์ เกวนเนส จำกัด,0125548000020,,,,,ไม่มีพิกัด,โครงการท่าช้าง67.csv
ท่าช้าง,บางกล่ำ,สงขลา,2567,67079651642,"ประกวดราคาจ้างก่อสร้างถนนลาดยางแอสฟัลท์ติกคอนกรีตซอยฟาร์มหมู-ควนยอ-ถังประปา รหัสทางหลวงท้องถิ่น สข.ถ.23-059 หมู่ที่ 10 บ้านยางงาม ตำบลท่าช้าง อำเภอบางกล่ำ จังหวัดสงขลา กว้าง 5 เมตร ยาว 325 เมตร หรือมีพื้นที่ไม่น้อยกว่า 1,625 ตารางเมตร เทศบาลตำบลท่าช้าง อำเภอบางกล่ำ จังหวัดสงขลา ด้วยวิธีประกวดราคาอิเล็กทรอนิกส์ (e-bidding)",จ้างก่อสร้าง,เทศบาลตำบลท่าช้าง,เทศบาลตำบลท่าช้าง,ประกวดราคาอิเล็กทรอนิกส์ (e-bidding),วิธีการจัดหา ประกาศเชิญชวนทั่วไป คัดเลือก เฉพาะเจาะจง,2024-08-16,2024-09-17,1513000,1514071.51,1279000,0.8447,ระหว่างดำเนินการ,32/2567,2024-09-17,2025-01-15,120,ระหว่างดำเนินการ,บริษัท เอชวายจี เอ็นจิเนียริ่ง จำกัด,0915564000457,7.06313846972738,100.329642891884,,,,โครงการท่าช้าง67.csv
ท่าช้าง,บางกล่ำ,สงขลา,2567,67079175719,ประกวดราคาจ้างก่อสร้างเพิ่มขนาดหม้อแปลงบ้านโคกเมา ม.7 ต.ท่าช้าง อ.บางกล่ำ จ.สงขลา ด้วยวิธีประกวดราคาอิเล็กทรอนิกส์ (e-bidding),จ้างก่อสร้าง,การไฟฟ้าส่วนภูมิภาค,การไฟฟ้าส่วนภูมิภาคสาขาหาดใหญ่,ประกวดราคาอิเล็กทรอนิกส์ (e-bidding),วิธีการจัดหา ประกาศเชิญชวนทั่วไป คัดเลือก เฉพาะเจาะจง,2024-07-17,2024-09-11,596370,596370,590000,0.9893,ระหว่างดำเนินการ,PO3002477679,2024-09-11,2024-12-12,92,ระหว่างดำเนินการ,บริษัท ศรีไชยพงศ์ อิเลคทริค จำกัด,0905547001858,7.00993027056232,100.43159365654,,,,โครงการท่าช้าง67.csv
ท่าช้าง,บางกล่ำ,สงขลา,2567,66119530195,จ้างปรับปรุงระบบจำหน่ายเสาถนนท่าไทร-บ้านบางเหรียง ต.ท่าช้าง อ.บางกล่ำ  จ.สงขลา โดยวิธีเฉพาะเจาะจง,จ้างก่อสร้าง,การไฟฟ้าส่วนภูมิภาค,การไฟฟ้าส่วนภูมิภาคสาขาหาดใหญ่,เฉพาะเจาะจง,วิธีการจัดหา ประกาศเชิญชวนทั่วไป คัดเลือก เฉพาะเจาะจง,,2023-12-14,491019,491019,490916,0.9998,ระหว่างดำเนินการ,po3002343413,2023-12-14,2024-02-03,51,ระหว่างดำเนินการ,ห้างหุ้นส่วนจำกัด ฟิวส์ชั่น อิเล็คทริค,0903550001764,7.04631366041095,100.389197304342,,,,โครงการท่าช้าง67.csv
ท่าช้าง,เฉลิมพระเกียรติ,นครราชสีมา,2567,67059224401,"จ้างซ่อมแซมหลุมบ่อถนนดินลูกรัง ภายใน หมู่ที่ 5, 8, 9, 14 และหมู่ที่ 18 ตำบลท่าช้าง อำเภอบางกล่ำ จังหวัดสงขลา โดยวิธีเฉพาะเจาะจง",จ้างทำของ/จ้างเหมาบริการ,เทศบาลตำบลท่าช้าง,เทศบาลตำบลท่าช้าง,เฉพาะเจาะจง,วิธีการจัดหา ประกาศเชิญชวนทั่วไป คัดเลือก เฉพาะเจาะจง,,2024-05-31,177900,177900,177900,1.0000,ระหว่างดำเนินการ,19/2567,2024-05-31,2024-07-30,60,ระหว่างดำเนินการ,สุวรรณมณีวัสดุ,390110115xxxx,,,,,ไม่มีพิกัด; TIN ถูกปกปิดบางส่วนในต้นฉบับ,โครงการท่าช้าง67.csv
ท่าช้าง,เฉลิมพระเกียรติ,นครราชสีมา,2567,67039486267,จ้างเหมาบริการซ่อมแซมหลุมบ่อถนนดินลูกรัง ภายใน หมู่ที่ ๑๐ และหมู่ที่ ๑๗ ตำบลท่าช้าง อำเภอบางกล่ำ จังหวัดสงขลา โดยวิธีเฉพาะเจาะจง,จ้างทำของ/จ้างเหมาบริการ,เทศบาลตำบลท่าช้าง,เทศบาลตำบลท่าช้าง,เฉพาะเจาะจง,วิธีการจัดหา ประกาศเชิญชวนทั่วไป คัดเลือก เฉพาะเจาะจง,,2024-04-17,170100,170100,170100,1.0000,ระหว่างดำเนินการ,14/2567,2024-04-17,2024-06-02,46,ระหว่างดำเนินการ,ห้างหุ้นส่วนจำกัด ช.ขันทอง พาณิชย์,0903565000165,,,,,ไม่มีพิกัด,โครงการท่าช้าง67.csv
ท่าช้าง,บางกล่ำ,สงขลา,2567,67059452475,จ้างงานเพื่มขนาดหม้อแปลง TS-5144 ซอยหนองขวน ม.5 ต.ท่าช้าง อ.บางกล่ำ  จ.สงขลา โดยวิธีเฉพาะเจาะจง,จ้างก่อสร้าง,การไฟฟ้าส่วนภูมิภาค,การไฟฟ้าส่วนภูมิภาคสาขาหาดใหญ่,เฉพาะเจาะจง,วิธีการจัดหา ประกาศเชิญชวนทั่วไป คัดเลือก เฉพาะเจาะจง,,,162029,16,,,,,,,,,,,,,,,ไม่มีพิกัด; แถวถูกตัดกลางคันในไฟล์ต้นฉบับ ข้อมูลท้ายแถวหายไป,โครงการท่าช้าง67.csv
ท่าช้าง,บางกล่ำ,สงขลา,2568,68059071448,ประกวดราคาจ้างก่อสร้างโครงการถมดินปรับพื้นที่ก่อสร้างสนามกีฬาเทศบาลตำบลท่าช้าง หมู่ที่ 6 ตำบลท่าช้าง อำเภอบางกล่ำ จังหวัดสงขลา ด้วยวิธีประกวดราคาอิเล็กทรอนิกส์ (e-bidding),จ้างก่อสร้าง,เทศบาลตำบลท่าช้าง,เทศบาลตำบลท่าช้าง,ประกวดราคาอิเล็กทรอนิกส์ (e-bidding),วิธีการจัดหา ประกาศเชิญชวนทั่วไป คัดเลือก เฉพาะเจาะจง,2025-07-09,2025-09-10,1527800,1530186.32,1300000,0.8496,ระหว่างดำเนินการ,35/2568,2025-09-10,2025-11-09,60,ระหว่างดำเนินการ,บริษัท เอ เอ็น เค เจริญ 99 จำกัด,0435566000947,7.04177925719724,100.408515930176,,,,โครงการท่าช้าง68.csv
ท่าช้าง,บางกล่ำ,สงขลา,2568,68049236697,จ้างซ่อมแซมหลุมบ่อถนนดินลูกรัง ภายในเขตพื้นที่เทศบาลตำบลท่าช้าง ตำบลท่าช้าง อำเภอบางกล่ำ จังหวัดสงขลา โดยวิธีเฉพาะเจาะจง,จ้างทำของ/จ้างเหมาบริการ,เทศบาลตำบลท่าช้าง,เทศบาลตำบลท่าช้าง,เฉพาะเจาะจง,วิธีการจัดหา ประกาศเชิญชวนทั่วไป คัดเลือก เฉพาะเจาะจง,,2025-05-06,481017.24,481017.24,481000,1.0000,ระหว่างดำเนินการ,19/2568,2025-05-06,2025-07-05,60,ระหว่างดำเนินการ,เอส.ดับบลิว.เอ็น พาณิชย์,190980221xxxx,,,,,ไม่มีพิกัด; TIN ถูกปกปิดบางส่วนในต้นฉบับ,โครงการท่าช้าง68.csv
ท่าช้าง,บางกล่ำ,สงขลา,2568,68029495598,จ้างซ่อมแซมหลุมบ่อถนนดินลูกรัง ภายใน หมู่ที่ 9 และหมู่ที่ 18 ตำบลท่าช้าง อำเภอบางกล่ำ จังหวัดสงขลา โดยวิธีเฉพาะเจาะจง,จ้างทำของ/จ้างเหมาบริการ,เทศบาลตำบลท่าช้าง,เทศบาลตำบลท่าช้าง,เฉพาะเจาะจง,วิธีการจัดหา ประกาศเชิญชวนทั่วไป คัดเลือก เฉพาะเจาะจง,,2025-03-18,288257.02,288257.02,288200,0.9998,ระหว่างดำเนินการ,14/2568,2025-03-18,2025-05-17,60,ระหว่างดำเนินการ,สุวรรณมณีวัสดุ,390110115xxxx,,,,,ไม่มีพิกัด; TIN ถูกปกปิดบางส่วนในต้นฉบับ,โครงการท่าช้าง68.csv
ท่าช้าง,บางกล่ำ,สงขลา,2568,68099407361,จ้างเหมาปะซ่อมผิวจราจรแอสฟัลท์ติกคอนกรีต ถนนสายดินลานซอย 7 หมู่ที่ 15 บ้านดินลาน ตำบลท่าช้าง อำเภอบางกล่ำ จังหวัดสงขลา โดยวิธีเฉพาะเจาะจง,จ้างทำของ/จ้างเหมาบริการ,เทศบาลตำบลท่าช้าง,เทศบาลตำบลท่าช้าง,เฉพาะเจาะจง,วิธีการจัดหา ประกาศเชิญชวนทั่วไป คัดเลือก เฉพาะเจาะจง,,2025-09-22,246199.44,246199.44,245285.76,0.9963,ระหว่างดำเนินการ,453/2568,2025-09-22,2025-10-22,30,ระหว่างดำเนินการ,บริษัท เอ็ม พี ซีวิล จำกัด,0905539000716,,,,,ไม่มีพิกัด,โครงการท่าช้าง68.csv
ท่าช้าง,บางกล่ำ,สงขลา,2568,68089192316,จ้างเหมาขุดลอกวัชพืชดินเลน ลำเหมืองสาธารณะสายอาคารเอนกประสงค์ - คลองสายเมา และภายในเขตพื้นที่ หมู่ที่ 8 บ้านท่าท้อน ตำบลท่าช้าง อำเภอบางกล่ำ จังหวัดสงขลา โดยวิธีเฉพาะเจาะจง,จ้างทำของ/จ้างเหมาบริการ,เทศบาลตำบลท่าช้าง,เทศบาลตำบลท่าช้าง,เฉพาะเจาะจง,วิธีการจัดหา ประกาศเชิญชวนทั่วไป คัดเลือก เฉพาะเจาะจง,,2025-08-22,235310.73,235310.73,235000,0.9987,ระหว่างดำเนินการ,443/2568,2025-08-22,2025-10-06,45,ระหว่างดำเนินการ,บริษัท ซุ่นเฮงก่อสร้าง จำกัด,0905564005025,,,,,ไม่มีพิกัด,โครงการท่าช้าง68.csv
ท่าช้าง,บางกล่ำ,สงขลา,2568,68089007399,"จ้างเหมาขุดลอกวัชพืชดินเลน ลำเหมืองสาธารณะสายบ่อหมาเลีย – คลองน้ำเค็ม หมู่ที่ 2 ,หมู่ที่ 3  และเขตพื้นที่หมู่ที่ 12 บ้านบ่อแพ ตำบลท่าช้าง อำเภอบางกล่ำ จังหวัดสงขลา โดยวิธีเฉพาะเจาะจง",จ้างทำของ/จ้างเหมาบริการ,เทศบาลตำบลท่าช้าง,เทศบาลตำบลท่าช้าง,เฉพาะเจาะจง,วิธีการจัดหา ประกาศเชิญชวนทั่วไป คัดเลือก เฉพาะเจาะจง,,2025-08-22,209208.87,209208.87,209000,0.9990,ระหว่างดำเนินการ,444/2568,2025-08-22,2025-10-21,60,ระหว่างดำเนินการ,บริษัท ซุ่นเฮงก่อสร้าง จำกัด,0905564005025,,,,,ไม่มีพิกัด,โครงการท่าช้าง68.csv
ท่าช้าง,บางกล่ำ,สงขลา,2568,68079637837,จ้างซ่อมแซมหลุมบ่อถนนดินลูกรัง ภายในเขตพื้นที่เทศบาลตำบลท่าช้าง ตำบลท่าช้าง อำเภอบางกล่ำ จังหวัดสงขลา โดยวิธีเฉพาะเจาะจง,จ้างทำของ/จ้างเหมาบริการ,เทศบาลตำบลท่าช้าง,เทศบาลตำบลท่าช้าง,เฉพาะเจาะจง,วิธีการจัดหา ประกาศเชิญชวนทั่วไป คัดเลือก เฉพาะเจาะจง,,2025-09-16,140544.15,140544.15,140500,0.9997,ระหว่างดำเนินการ,429/2568,2025-09-16,2025-10-31,45,ระหว่างดำเนินการ,,0905568006310,,,,,ไม่มีพิกัด,โครงการท่าช้าง68.csv
ปิงโค้ง,เชียงดาว,เชียงใหม่,2566,66069309678,จ้างโครงการก่อสร้างรางระบายน้ำรูปตัวยู พร้อมฝาปิด (หย่อมบ้านก๊อตป่าบง) บ้านปางมะกง หมู่ที่ 11 โดยวิธีเฉพาะเจาะจง,จ้างก่อสร้าง,,,เฉพาะเจาะจง,,,,495430,494596.35,494000,0.9988,ระหว่างดำเนินการ,,,,,,ที เอ็น ดับเบิ้ลยู เชียงดาวก่อสร้าง,,,,TRUE,ส่อหั่นสัญญาแบ่งช่วง หรือหลีกเลี่ยงการประมูล,ข้อมูลสรุป: ไม่มีหน่วยงาน/วันที่/สัญญา/TIN/พิกัดในต้นฉบับ; อำเภอ-จังหวัดเติมจากที่ตั้งตำบล (ไม่มีในต้นฉบับ),โครงการปิงโค้ง2566.csv
ปิงโค้ง,เชียงดาว,เชียงใหม่,2566,66069032917,จ้างโครงการก่อสร้างผนังกั้นน้ำ บ้านแม่ป๋าม หมู่ที่ 3 (ยาว 12.00 เมตร) โดยวิธีเฉพาะเจาะจง (เลขที่โครงการ : 66069032917),จ้างทำของ/จ้างเหมาบริการ,,,เฉพาะเจาะจง,,,,100553,100551.75,100000,0.9945,จัดทำสัญญา/PO แล้ว,,,,,,นายเกษม กันทะวัง,,,,TRUE,เสนอราคาใกล้ราคากลาง; จงใจเสนอราคาสูง,ข้อมูลสรุป: ไม่มีหน่วยงาน/วันที่/สัญญา/TIN/พิกัดในต้นฉบับ; อำเภอ-จังหวัดเติมจากที่ตั้งตำบล (ไม่มีในต้นฉบับ),โครงการปิงโค้ง2566.csv
ปิงโค้ง,เชียงดาว,เชียงใหม่,2566,66027244288,จ้างซ่อมแซมถนนลูกรังเป็นช่วงๆ พร้อมปรับเกลี่ยถนน หย่อมบ้านถ้ำแกลบ บ้านห้วยลึก หมู่ที่ 7 จำนวน 4 เส้น โดยวิธีเฉพาะเจาะจง (เลขที่โครงการ : 66027244288),จ้างทำของ/จ้างเหมาบริการ,,,เฉพาะเจาะจง,,,,88206,88206,88206,1.0000,จัดทำสัญญา/PO แล้ว,,,,,,นายณัฐพล เลาหาง,,,,TRUE,เสนอราคาต่ำกว่าราคากลางผิดปกติ,ข้อมูลสรุป: ไม่มีหน่วยงาน/วันที่/สัญญา/TIN/พิกัดในต้นฉบับ; อำเภอ-จังหวัดเติมจากที่ตั้งตำบล (ไม่มีในต้นฉบับ),โครงการปิงโค้ง2566.csv
ปิงโค้ง,เชียงดาว,เชียงใหม่,2566,65107078438,จ้างเหมาประกอบอาหารกลางวัน (ปรุงสำเร็จ) จำนวนนักเรียน 27 คน อัตราคนละ 21 บาท จำนวน 151 วัน (ตั้งแต่วันที่ 1 ตุลาคม 2565 - วันที่ 15 พฤษภาคม 2566) ศูนย์พัฒนาเด็กเล็กบ้านหนองเต่า โดยวิธีเฉพาะเจาะจง (เลขที่โครงการ : 65107078438),เช่า,,,เฉพาะเจาะจง,,,,85617,85617,85617,1.0000,จัดทำสัญญา/PO แล้ว,,,,,,นายสุทธิพงศ์ วิทยรุจ,,,,TRUE,จัดซื้อจัดจ้างแบบเฉพาะเจาะจงท้ายปีงบประมาณ,ข้อมูลสรุป: ไม่มีหน่วยงาน/วันที่/สัญญา/TIN/พิกัดในต้นฉบับ; อำเภอ-จังหวัดเติมจากที่ตั้งตำบล (ไม่มีในต้นฉบับ),โครงการปิงโค้ง2566.csv
ปิงโค้ง,เชียงดาว,เชียงใหม่,2566,66099148115,ซื้อสื่อการเรียนการสอน (รายหัว) จำนวน ๓๒ รายการ ศูนย์พัฒนาเด็กเล็กบ้านห้วยจะค่าน ประจำปีงบประมาณ ๒๕๖๖ โดยวิธีเฉพาะเจาะจง (เลขที่โครงการ : 66099148115),จ้างก่อสร้าง,,,เฉพาะเจาะจง,,,,74562,74562,74562,1.0000,จัดทำสัญญา/PO แล้ว,,,,,,ซีซีอาร์ สปอร์ต กรุ๊ป,,,,TRUE,จัดซื้อจัดจ้างแบบเฉพาะเจาะจงท้ายปีงบประมาณ,ข้อมูลสรุป: ไม่มีหน่วยงาน/วันที่/สัญญา/TIN/พิกัดในต้นฉบับ; อำเภอ-จังหวัดเติมจากที่ตั้งตำบล (ไม่มีในต้นฉบับ),โครงการปิงโค้ง2566.csv
ปิงโค้ง,เชียงดาว,เชียงใหม่,2566,66089171666,ซื้อวัสดุสำนักงาน จำนวน 27 รายการ (ฝ่ายปกครอง) โดยวิธีเฉพาะเจาะจง (เลขที่โครงการ : 66089171666),จ้างก่อสร้าง,,,เฉพาะเจาะจง,,,,19875,19875,19875,1.0000,จัดทำสัญญา/PO แล้ว,,,,,,นานาเชียงดาว,,,,TRUE,จัดซื้อจัดจ้างแบบเฉพาะเจาะจงท้ายปีงบประมาณ,ข้อมูลสรุป: ไม่มีหน่วยงาน/วันที่/สัญญา/TIN/พิกัดในต้นฉบับ; อำเภอ-จังหวัดเติมจากที่ตั้งตำบล (ไม่มีในต้นฉบับ),โครงการปิงโค้ง2566.csv
ปิงโค้ง,เชียงดาว,เชียงใหม่,2566,66099365134,ซื้อจัดซื้อวัสดุก่อสร้างเพื่อใช้ในการก่อสร้าง เทรางระบายน้ำหลังห้องน้ำ (กองช่าง) จำนวน 2 รายการ โดยวิธีเฉพาะเจาะจง (เลขที่โครงการ : 66099365134),จ้างก่อสร้าง,,,เฉพาะเจาะจง,,,,19756,19756,19756,1.0000,จัดทำสัญญา/PO แล้ว,,,,,,ที เอ็น ดับเบิ้ลยู เชียงดาวก่อสร้าง,,,,TRUE,จัดซื้อจัดจ้างแบบเฉพาะเจาะจงท้ายปีงบประมาณ,ข้อมูลสรุป: ไม่มีหน่วยงาน/วันที่/สัญญา/TIN/พิกัดในต้นฉบับ; อำเภอ-จังหวัดเติมจากที่ตั้งตำบล (ไม่มีในต้นฉบับ),โครงการปิงโค้ง2566.csv
ปิงโค้ง,เชียงดาว,เชียงใหม่,2566,66099137646,จ้างทำสติกเกอร์เครื่องหมายและแถบสะท้อนแสง รถบริการแพทย์ฉุกเฉิน (EMS (รถกู้ชีพ-รถกู้ภัย เขต 1 และ เขต 2) โดยวิธีเฉพาะเจาะจง (เลขที่โครงการ : 66099137646),เช่า,,,เฉพาะเจาะจง,,,,19600,19600,19600,1.0000,จัดทำสัญญา/PO แล้ว,,,,,,ร้านเอ็มสติกเกอร์,,,,TRUE,จัดซื้อจัดจ้างแบบเฉพาะเจาะจงท้ายปีงบประมาณ,ข้อมูลสรุป: ไม่มีหน่วยงาน/วันที่/สัญญา/TIN/พิกัดในต้นฉบับ; อำเภอ-จังหวัดเติมจากที่ตั้งตำบล (ไม่มีในต้นฉบับ),โครงการปิงโค้ง2566.csv
ปิงโค้ง,เชียงดาว,เชียงใหม่,2566,65117446269,ซื้อวัสดุยานพาหนะและขนส่ง จำนวน 3 รายการ (รถบรรทุกน้ำเอนกประสงค์ หมายเลขทะเบียน ผห 6098 หมายเลขครุภัณฑ์ 004 59 0002) โดยวิธีเฉพาะเจาะจง (เลขที่โครงการ : 65117446269),จ้างก่อสร้าง,,,เฉพาะเจาะจง,,,,19600,19600,19600,1.0000,จัดทำสัญญา/PO แล้ว,,,,,,ร้าน อู่ 3 ต.กลการ 3 ต.อะไหล่ยนต์,,,,TRUE,เสนอราคาต่ำกว่าราคากลางผิดปกติ,ข้อมูลสรุป: ไม่มีหน่วยงาน/วันที่/สัญญา/TIN/พิกัดในต้นฉบับ; อำเภอ-จังหวัดเติมจากที่ตั้งตำบล (ไม่มีในต้นฉบับ),โครงการปิงโค้ง2566.csv
ปิงโค้ง,เชียงดาว,เชียงใหม่,2566,66079529545,ซื้อวัสดุ จำนวน ๔ รายการ ตามโครงการส่งเสริมและบำรุงพระพุทธศาสนา ประจำปีงบประมาณ ๒๕๖๖ โดยวิธีเฉพาะเจาะจง (เลขที่โครงการ : 66079529545),จ้างก่อสร้าง,,,เฉพาะเจาะจง,,,,18842,18842,18842,1.0000,จัดทำสัญญา/PO แล้ว,,,,,,อีดิท เลิฟ,,,,TRUE,จัดซื้อจัดจ้างแบบเฉพาะเจาะจงท้ายปีงบประมาณ,ข้อมูลสรุป: ไม่มีหน่วยงาน/วันที่/สัญญา/TIN/พิกัดในต้นฉบับ; อำเภอ-จังหวัดเติมจากที่ตั้งตำบล (ไม่มีในต้นฉบับ),โครงการปิงโค้ง2566.csv
ปิงโค้ง,เชียงดาว,เชียงใหม่,2567,67089037580,จ้างโครงการก่อสร้างถนนคอนกรีตเสริมเหล็ก บ้านห้วยน้ำริน หมู่ที่ 16 เริ่มจากถนน คสล.เดิม (ซอย 3) ถึง บ้านนายเร่ง ทองสุข โดยวิธีเฉพาะเจาะจง (เลขที่โครงการ : 67089037580),จ้างทำของ/จ้างเหมาบริการ,,,เฉพาะเจาะจง,,,,372186,371774.31,371000,0.9979,จัดทำสัญญา/PO แล้ว,,,,,,ที เอ็น ดับเบิ้ลยู เชียงดาวก่อสร้าง,,,,TRUE,เสนอราคาใกล้ราคากลาง; จัดซื้อจัดจ้างแบบเฉพาะเจาะจงท้ายปีงบประมาณ,ข้อมูลสรุป: ไม่มีหน่วยงาน/วันที่/สัญญา/TIN/พิกัดในต้นฉบับ; อำเภอ-จังหวัดเติมจากที่ตั้งตำบล (ไม่มีในต้นฉบับ),โครงการปิงโค้ง2567.csv
ปิงโค้ง,เชียงดาว,เชียงใหม่,2567,67059570954,จ้างโครงการก่อสร้างแท็งค์พักน้ำคอนกรีตเสริมเหล็ก (หย่อมบ้านนาน้อย) บ้านห้วยจะค่านหมู่ที่ 9 โดยวิธีเฉพาะเจาะจง (เลขที่โครงการ : 67059570954),จ้างทำของ/จ้างเหมาบริการ,,,เฉพาะเจาะจง,,,,351500,336059.24,336000,0.9998,จัดทำสัญญา/PO แล้ว,,,,,,บุญทรวงก่อสร้าง,,,,TRUE,เสนอราคาใกล้ราคากลาง,ข้อมูลสรุป: ไม่มีหน่วยงาน/วันที่/สัญญา/TIN/พิกัดในต้นฉบับ; อำเภอ-จังหวัดเติมจากที่ตั้งตำบล (ไม่มีในต้นฉบับ),โครงการปิงโค้ง2567.csv
ปิงโค้ง,เชียงดาว,เชียงใหม่,2567,67069314228,จ้างโครงการก่อสร้างรางระบายน้ำคอนกรีตเสริมเหล็กรูปตัวยู พร้อมฝาปิด หย่อมบ้านสรรเสริญ-ดอยนาง บ้านห้วยจะค่าน หมู่ที่ 9 จากบ้านนายเปตาลุ ตามา ถึงบ้านนายจะสอ จะภู โดยวิธีเฉพาะเจาะจง (เลขที่โครงการ : 67069314228),จ้างทำของ/จ้างเหมาบริการ,,,เฉพาะเจาะจง,,,,213000,211453.07,211000,0.9979,จัดทำสัญญา/PO แล้ว,,,,,,ที เอ็น ดับเบิ้ลยู เชียงดาวก่อสร้าง,,,,TRUE,เสนอราคาใกล้ราคากลาง,ข้อมูลสรุป: ไม่มีหน่วยงาน/วันที่/สัญญา/TIN/พิกัดในต้นฉบับ; อำเภอ-จังหวัดเติมจากที่ตั้งตำบล (ไม่มีในต้นฉบับ),โครงการปิงโค้ง2567.csv
ปิงโค้ง,เชียงดาว,เชียงใหม่,2567,67059040701,จ้างโครงการปรับปรุงเสียงตามสายประจำหมู่บ้าน บ้านปางมะกง หมู่ที่ 11 โดยวิธีเฉพาะเจาะจง (เลขที่โครงการ : 67059040701),เช่า,,,เฉพาะเจาะจง,,,,162700,141199.53,141100,0.9993,จัดทำสัญญา/PO แล้ว,,,,,,ทิกเกอร์ซาวด์แอนด์อิเล็กทรอนิกส์,,,,TRUE,เสนอราคาใกล้ราคากลาง,ข้อมูลสรุป: ไม่มีหน่วยงาน/วันที่/สัญญา/TIN/พิกัดในต้นฉบับ; อำเภอ-จังหวัดเติมจากที่ตั้งตำบล (ไม่มีในต้นฉบับ),โครงการปิงโค้ง2567.csv
ปิงโค้ง,เชียงดาว,เชียงใหม่,2567,67049473087,จ้างโครงการก่อสร้างถนนคอนกรีตเสริมเหล็ก บ้านปางเฟือง หมู่ที่ 2 จากถนน คสล.เดิม - สวนนายสุวิทย์ อุดทาเศษ โดยวิธีเฉพาะเจาะจง (เลขที่โครงการ : 67049473087),จ้างทำของ/จ้างเหมาบริการ,,,เฉพาะเจาะจง,,,,124700,123311.61,123300,0.9999,จัดทำสัญญา/PO แล้ว,,,,,,ที เอ็น ดับเบิ้ลยู เชียงดาวก่อสร้าง,,,,TRUE,เสนอราคาใกล้ราคากลาง,ข้อมูลสรุป: ไม่มีหน่วยงาน/วันที่/สัญญา/TIN/พิกัดในต้นฉบับ; อำเภอ-จังหวัดเติมจากที่ตั้งตำบล (ไม่มีในต้นฉบับ),โครงการปิงโค้ง2567.csv
ปิงโค้ง,เชียงดาว,เชียงใหม่,2567,67029147941,จ้างโครงการก่อสร้างถนนคอนกรีตเสริมเหล็ก บ้านหนองเต่า หมู่ที่ 15 จากบ้านนางนาแต๋ ป่าโล๊ะ ถึง บ้านนายจะสอ แอแต๋ โดยวิธีเฉพาะเจาะจง (เลขที่โครงการ : 67029147941),จ้างทำของ/จ้างเหมาบริการ,,,เฉพาะเจาะจง,,,,110000,99411.85,99400,0.9999,จัดทำสัญญา/PO แล้ว,,,,,,ที เอ็น ดับเบิ้ลยู เชียงดาวก่อสร้าง,,,,TRUE,เสนอราคาใกล้ราคากลาง,ข้อมูลสรุป: ไม่มีหน่วยงาน/วันที่/สัญญา/TIN/พิกัดในต้นฉบับ; อำเภอ-จังหวัดเติมจากที่ตั้งตำบล (ไม่มีในต้นฉบับ),โครงการปิงโค้ง2567.csv
ปิงโค้ง,เชียงดาว,เชียงใหม่,2567,67029323326,จ้างโครงการปรับปรุงผิวจราจรลูกรังบดอัดแน่น (หย่อมบ้านใหม่อรุณ)บ้านแม่มะกู้ หมู่ที่ 12 จากสนามกีฬาหมู่บ้าน - ถนนลาดยางบ้านแม่ป๋าม) ยาว 900 เมตร โดยวิธีเฉพาะเจาะจง (เลขที่โครงการ : 67029323326),จ้างทำของ/จ้างเหมาบริการ,,,เฉพาะเจาะจง,,,,99600,93884,93800,0.9991,จัดทำสัญญา/PO แล้ว,,,,,,ที เอ็น ดับเบิ้ลยู เชียงดาวก่อสร้าง,,,,TRUE,เสนอราคาใกล้ราคากลาง,ข้อมูลสรุป: ไม่มีหน่วยงาน/วันที่/สัญญา/TIN/พิกัดในต้นฉบับ; อำเภอ-จังหวัดเติมจากที่ตั้งตำบล (ไม่มีในต้นฉบับ),โครงการปิงโค้ง2567.csv
ปิงโค้ง,เชียงดาว,เชียงใหม่,2567,67039027606,จ้างโครงการก่อสร้างถนนคอนกรีตเสริมเหล็ก บ้านห้วยลึก หมู่ที่ 7 จากบ้านนายท้ง แซ่ลี - บ้านนายสินชัย แซ่หาญ โดยวิธีเฉพาะเจาะจง (เลขที่โครงการ : 67039027606),จ้างทำของ/จ้างเหมาบริการ,,,เฉพาะเจาะจง,,,,76400,75956.03,75900,0.9993,จัดทำสัญญา/PO แล้ว,,,,,,ที เอ็น ดับเบิ้ลยู เชียงดาวก่อสร้าง,,,,TRUE,เสนอราคาใกล้ราคากลาง,ข้อมูลสรุป: ไม่มีหน่วยงาน/วันที่/สัญญา/TIN/พิกัดในต้นฉบับ; อำเภอ-จังหวัดเติมจากที่ตั้งตำบล (ไม่มีในต้นฉบับ),โครงการปิงโค้ง2567.csv
ปิงโค้ง,เชียงดาว,เชียงใหม่,2567,67049384050,จ้างซ่อมแซมถนนลูกรังเป็นช่วง ๆ พร้อมปรับเกลี่ยถนน (หย่อมบ้านถ้ำแกลบ) บ้านห้วยลึก หมู่ที่ 7 จำนวน 4 จุด โดยวิธีเฉพาะเจาะจง (เลขที่โครงการ : 67049384050),เช่า,,,เฉพาะเจาะจง,,,,58677,58677,58600,0.9987,จัดทำสัญญา/PO แล้ว,,,,,,นายณัฐพล เลาหาง,,,,TRUE,เสนอราคาใกล้ราคากลาง,ข้อมูลสรุป: ไม่มีหน่วยงาน/วันที่/สัญญา/TIN/พิกัดในต้นฉบับ; อำเภอ-จังหวัดเติมจากที่ตั้งตำบล (ไม่มีในต้นฉบับ),โครงการปิงโค้ง2567.csv
ปิงโค้ง,เชียงดาว,เชียงใหม่,2567,67079181360,ซื้อแว่นตา ตามโครงการคัดกรองความผิดปกติสายตาและแก้ไขปัญหาการมองเห็นไม่ชัดในกลุ่มของสูงอายุ จำนวน 2 รายการ โดยวิธีเฉพาะเจาะจง (เลขที่โครงการ : 67079181360),จ้างก่อสร้าง,,,เฉพาะเจาะจง,,,,57100,57100,57100,1.0000,จัดทำสัญญา/PO แล้ว,,,,,,ร้านเเว่นตานายก,,,,TRUE,จัดซื้อจัดจ้างแบบเฉพาะเจาะจงท้ายปีงบประมาณ,ข้อมูลสรุป: ไม่มีหน่วยงาน/วันที่/สัญญา/TIN/พิกัดในต้นฉบับ; อำเภอ-จังหวัดเติมจากที่ตั้งตำบล (ไม่มีในต้นฉบับ),โครงการปิงโค้ง2567.csv
ปิงโค้ง,เชียงดาว,เชียงใหม่,2568,68029081546,จ้างโครงการก่อสร้างถนนคอนกรีตเสริมเหล็ก บ้านห้วยลึก หมู่ที่ 7 จากสวนนายเจริญ ภูริบริบูรณ์ - สวน นายธเนศ โกวิทย์พนาดร โดยวิธีเฉพาะเจาะจง,จ้างก่อสร้าง,,,เฉพาะเจาะจง,,,,490500,487355.44,487300,0.9999,ระหว่างดำเนินการ,,,,,,ที เอ็น ดับเบิ้ลยู เชียงดาวก่อสร้าง,,,,TRUE,ส่อหั่นสัญญาแบ่งช่วง หรือหลีกเลี่ยงการประมูล,ข้อมูลสรุป: ไม่มีหน่วยงาน/วันที่/สัญญา/TIN/พิกัดในต้นฉบับ; อำเภอ-จังหวัดเติมจากที่ตั้งตำบล (ไม่มีในต้นฉบับ),โครงการปิงโค้ง2568.csv
ปิงโค้ง,เชียงดาว,เชียงใหม่,2568,67109289604,ซื้อจัดซื้อวัสดุงานบ้านงานครัว อาหารเสริม (นม) ภาคเรียนที่ 2 ปีการศึกษา 2567 และปิดภาคเรียน ของโรงเรียนสังกัดสำนักงานคณะกรรมการการศึกษาขั้นพื้นฐาน (สพฐ.) และโรงเรียนสังกัด (สพฐ.) ในโครงการพระราชดำริ โดยวิธีเฉพาะเจาะจง,ซื้อ,,,เฉพาะเจาะจง,,,,2032906.5,2032906.5,2032906.5,1.0000,ระหว่างดำเนินการ,,,,,,องค์การส่งเสริมกิจการโคนมแห่งประเทศไทย (อ.ส.ค.),,,,FALSE,,ข้อมูลสรุป: ไม่มีหน่วยงาน/วันที่/สัญญา/TIN/พิกัดในต้นฉบับ; อำเภอ-จังหวัดเติมจากที่ตั้งตำบล (ไม่มีในต้นฉบับ),โครงการปิงโค้ง2568.csv
ปิงโค้ง,เชียงดาว,เชียงใหม่,2568,68039298502,จ้างโครงการปรับปรุงผิวทางจราจรลูกรังบดอัดแน่น บ้านแม่มะกู้ หมู่ที่ 12 จากทางเข้าวัดป่าเรไร ถึงป่าช้าวัดป่าเรไร โดยวิธีเฉพาะเจาะจง (เลขที่โครงการ : 68039298502),จ้างทำของ/จ้างเหมาบริการ,,,เฉพาะเจาะจง,,,,0,4618.42,0,,จัดทำสัญญา/PO แล้ว,,,,,,ส.สายฝาง คอนสตรัคชั่น 2019,,,,TRUE,ราคากลางสูง/ต่ำกว่างบประมาณ,งบประมาณ/วงเงินสัญญาเป็น 0 ตามต้นฉบับ; ข้อมูลสรุป: ไม่มีหน่วยงาน/วันที่/สัญญา/TIN/พิกัดในต้นฉบับ; อำเภอ-จังหวัดเติมจากที่ตั้งตำบล (ไม่มีในต้นฉบับ),โครงการปิงโค้ง2568.csv
ปิงโค้ง,เชียงดาว,เชียงใหม่,2568,68079054687,ซื้ออาหารเสริม (นม) ประจำภาคเรียนที่ 1 ประจำปีการศึกษา 2568 ของโรงเรียนสังกัดสำนักงานคณะกรรมการการศึกษาขั้นพื้นฐาน (สพฐ.) และโรงเรียนสังกัด (สพฐ.) ในโครงการพระราชดำริ โดยวิธีเฉพาะเจาะจง,ซื้อ,,,เฉพาะเจาะจง,,,,1009720.14,1009720.14,1009720.14,1.0000,ระหว่างดำเนินการ,,,,,,องค์การส่งเสริมกิจการโคนมแห่งประเทศไทย (อ.ส.ค.),,,,FALSE,,ข้อมูลสรุป: ไม่มีหน่วยงาน/วันที่/สัญญา/TIN/พิกัดในต้นฉบับ; อำเภอ-จังหวัดเติมจากที่ตั้งตำบล (ไม่มีในต้นฉบับ),โครงการปิงโค้ง2568.csv
ปิงโค้ง,เชียงดาว,เชียงใหม่,2568,67119033131,จ้างโครงการก่อสร้างลานคอนกรีตอเนกประสงค์ บ้านปางมะกง (หย่อมก๊อตป่าบง) หมู่ที่ 11 โดยวิธีเฉพาะเจาะจง,จ้างก่อสร้าง,,,เฉพาะเจาะจง,,,,445970,448670.55,445000,0.9918,ระหว่างดำเนินการ,,,,,,ที เอ็น ดับเบิ้ลยู เชียงดาวก่อสร้าง,,,,FALSE,,ข้อมูลสรุป: ไม่มีหน่วยงาน/วันที่/สัญญา/TIN/พิกัดในต้นฉบับ; อำเภอ-จังหวัดเติมจากที่ตั้งตำบล (ไม่มีในต้นฉบับ),โครงการปิงโค้ง2568.csv
ปิงโค้ง,เชียงดาว,เชียงใหม่,2568,68019118227,ซื้อครุภัณฑ์สำนักงาน (สำนักปลัด) จำนวน 5 รายการ โดยวิธีเฉพาะเจาะจง,ซื้อ,,,เฉพาะเจาะจง,,,,392600,392600,392600,1.0000,ระหว่างดำเนินการ,,,,,,พีเอสวาย อินเตอเนชั่น,,,,FALSE,,ข้อมูลสรุป: ไม่มีหน่วยงาน/วันที่/สัญญา/TIN/พิกัดในต้นฉบับ; อำเภอ-จังหวัดเติมจากที่ตั้งตำบล (ไม่มีในต้นฉบับ),โครงการปิงโค้ง2568.csv
ปิงโค้ง,เชียงดาว,เชียงใหม่,2568,67109002953,ซื้อจัดซื้อวัสดุงานบ้านงานครัว อาหารเสริม นม ภาคเรียนที่ 2 2567 งานระดับก่อนวัยเรียนและประถมศึกษา โดยวิธีเฉพาะเจาะจง,ซื้อ,,,เฉพาะเจาะจง,,,,344549.4,344549.4,344549.4,1.0000,ระหว่างดำเนินการ,,,,,,องค์การส่งเสริมกิจการโคนมแห่งประเทศไทย (อ.ส.ค.),,,,FALSE,,ข้อมูลสรุป: ไม่มีหน่วยงาน/วันที่/สัญญา/TIN/พิกัดในต้นฉบับ; อำเภอ-จังหวัดเติมจากที่ตั้งตำบล (ไม่มีในต้นฉบับ),โครงการปิงโค้ง2568.csv
ปิงโค้ง,เชียงดาว,เชียงใหม่,2568,68039445759,จ้างโครงการก่อสร้างถนนคอนกรีตเสริมเหล็ก บ้านป่าตึงงาม หมู่ที่ 14 ทางเข้าสุสานบ้านป่าตึงงาม โดยวิธีเฉพาะเจาะจง,จ้างก่อสร้าง,,,เฉพาะเจาะจง,,,,320600,316914.71,316500,0.9987,ระหว่างดำเนินการ,,,,,,ส.สายฝางคอนสตรัคชั่น2019,,,,FALSE,,ข้อมูลสรุป: ไม่มีหน่วยงาน/วันที่/สัญญา/TIN/พิกัดในต้นฉบับ; อำเภอ-จังหวัดเติมจากที่ตั้งตำบล (ไม่มีในต้นฉบับ),โครงการปิงโค้ง2568.csv
ปิงโค้ง,เชียงดาว,เชียงใหม่,2568,67119132436,จ้างโครงการก่อสร้างลานอเนกประสงค์ศูนย์พัฒนาเด็กเล็กเทศบาลตำบลปิงโค้ง บ้านห้วยลึก หมู่ที่ 7 โดยวิธีเฉพาะเจาะจง,จ้างก่อสร้าง,,,เฉพาะเจาะจง,,,,313900,304028.6,304000,0.9999,ระหว่างดำเนินการ,,,,,,ที เอ็น ดับเบิ้ลยู เชียงดาวก่อสร้าง,,,,FALSE,,ข้อมูลสรุป: ไม่มีหน่วยงาน/วันที่/สัญญา/TIN/พิกัดในต้นฉบับ; อำเภอ-จังหวัดเติมจากที่ตั้งตำบล (ไม่มีในต้นฉบับ),โครงการปิงโค้ง2568.csv
ปิงโค้ง,เชียงดาว,เชียงใหม่,2568,68039172761,จ้างโครงการก่อสร้างถนนคอนกรีตเสริมเหล็ก บ้านปางเฟือง หมู่ที่ 2 จากบ้านนายนคร มาแดง - สวนนายแสงฟ้า ชนกเศรณี โดยวิธีเฉพาะเจาะจง,จ้างก่อสร้าง,,,เฉพาะเจาะจง,,,,293750,247787.89,247000,0.9968,ระหว่างดำเนินการ,,,,,,ที เอ็น ดับเบิ้ลยู เชียงดาวก่อสร้าง,,,,FALSE,,ข้อมูลสรุป: ไม่มีหน่วยงาน/วันที่/สัญญา/TIN/พิกัดในต้นฉบับ; อำเภอ-จังหวัดเติมจากที่ตั้งตำบล (ไม่มีในต้นฉบับ),โครงการปิงโค้ง2568.csv
โยนก,เชียงแสน,เชียงราย,2566,66079021729,"จ้างขุดลอกหนองช้างสาธารณประโยชน์ หมู่ที่ ๔ ตำบลโยนก อำเภอเชียงแสน จังหวัดเชียงราย ใช้ประโยชน์ร่วมกับ หมู่ที่ ๘ ตำบลท่าข้าวเปลือก อำเภอแม่จัน จังหวัดเชียงราย สภาพเดิมพื้นที่โดยเฉลี่ย ๓-๐-๕๐ ไร่ (๕,๐๐๐.๐๐ ตารางเมตร) ลึก ๒.๕๐ เมตร ขุดลอกใหม่ให้มีพื้นที่โดยเฉลี่ย ๓-๐-๕๐ ไร่ (๕,๐๐๐.๐๐ ตารางเมตร) ลึก ๔.๖๐ เมตร หรือปริมาตรดินขุดไม่น้อยกว่า ๙,๕๐๐.๐๐ ลูกบาศก์เมตร รายละเอียดตามแบบแปลนและรายการที่ อบจ.ชร. กำหนด โดยวิธีเฉพาะเจาะจง",จ้างก่อสร้าง,องค์การบริหารส่วนจังหวัดเชียงราย,องค์การบริหารส่วนจังหวัดเชียงราย,เฉพาะเจาะจง,วิธีการจัดหา ประกาศเชิญชวนทั่วไป คัดเลือก เฉพาะเจาะจง,,2023-07-20,500000,500436,498000,0.9951,ระหว่างดำเนินการ,267/2566,2023-07-20,2023-10-18,90,ระหว่างดำเนินการ,บริษัท ภูริเดช คอร์ปอเรชั่น จำกัด,0575564001571,20.2371801445711,100.06410567934101,,,,โครงการโยนก66.csv
โยนก,เชียงแสน,เชียงราย,2566,66017482870,จ้างขุดลอกคลองสูบน้ำสถานีพลังงานไฟฟ้า แห่งที่ 1 หมู่ที่ 4 ตำบลโยนก อำเภอเชียงแสน จังหวัดเชียงราย ใช้ประโยชน์ร่วมกับหมู่ที่ 8 ตำบลท่าข้าวเปลือก อำเภอแม่จัน จังหวัดเชียงราย โดยวิธีเฉพาะเจาะจง,จ้างก่อสร้าง,องค์การบริหารส่วนจังหวัดเชียงราย,องค์การบริหารส่วนจังหวัดเชียงราย,เฉพาะเจาะจง,วิธีการจัดหา ประกาศเชิญชวนทั่วไป คัดเลือก เฉพาะเจาะจง,,2023-03-03,500000,500543,498000,0.9949,ระหว่างดำเนินการ,123/2566,2023-03-03,2023-05-02,60,ระหว่างดำเนินการ,บริษัท ห้าเล็บการโยธา จำกัด,0575552001007,20.2371801445711,100.06410567934101,,,,โครงการโยนก66.csv
โยนก,เชียงแสน,เชียงราย,2566,66017436246,จ้างขุดลอกหนองคัน หมู่ที่ 4 ตำบลโยนก อำเภอเชียงแสน จังหวัดเชียงราย ใช้ประโยชน์ร่วมกับ หมู่ที่ 8 ตำบลท่าข้าวเปลือก อำเภอแม่จัน จังหวัดเชียงราย โดยวิธีเฉพาะเจาะจง,จ้างก่อสร้าง,องค์การบริหารส่วนจังหวัดเชียงราย,องค์การบริหารส่วนจังหวัดเชียงราย,เฉพาะเจาะจง,วิธีการจัดหา ประกาศเชิญชวนทั่วไป คัดเลือก เฉพาะเจาะจง,,2023-02-06,500000,502055,498000,0.9919,ระหว่างดำเนินการ,88/2566,2023-02-06,2023-04-07,60,ระหว่างดำเนินการ,ห้างหุ้นส่วนจำกัด สุขเกษม ทรัพย์เพิ่่มพูน,0573559003062,20.2371801445711,100.06410567934101,,,,โครงการโยนก66.csv
โยนก,เชียงแสน,เชียงราย,2566,66079380991,"จ้างธนาคารน้ำใต้ดินระบบเปิดหนองตีนผา  ม.4 ต.โยนก อ.เชียงแสน  จ.เชียงราย ขนาดพื้นที่ 2-3-87.5 ไร่ (4,750.00 ตร.ม.) ลึก  5.00 ม. หรือปริมาตรดินขุดไม่น้อยกว่า 7,400.00 ลบ.ม. รายละเอียดตามแบบแปลนและรายการที่องค์การบริหารส่วนจังหวัดเชียงรายกำหนด (สำนักช่าง) โดยวิธีเฉพาะเจาะจง",จ้างก่อสร้าง,องค์การบริหารส่วนจังหวัดเชียงราย,องค์การบริหารส่วนจังหวัดเชียงราย,เฉพาะเจาะจง,วิธีการจัดหา ประกาศเชิญชวนทั่วไป คัดเลือก เฉพาะเจาะจง,,2023-07-21,500000,492000,490000,0.9959,ระหว่างดำเนินการ,273/2566,2023-07-21,2023-09-19,60,ระหว่างดำเนินการ,ห้างหุ้นส่วนจำกัด วรรณวัฒน์ 2018,0573561001781,20.2371801445711,100.06410567934101,,,,โครงการโยนก66.csv
โยนก,เชียงแสน,เชียงราย,2566,66079360151,"จ้างโครงการธนาคารน้ำใต้ดินระบบเปิดหนองหว้าสาธารณประโยชน์ ม.๕ ต.โยนก อ.เชียงแสน จ.เชียงราย ขนาดกว้าง ๔๕.๐๐ ม. ยาว ๔๕.๐๐ ม. ลึก ๗.๕๐ ม. หรือปริมาตรดินขุดไม่น้อยกว่า ๗,๓๐๐.๐๐ ลบ.ม. รายละเอียดตามแบบแปลนและรายการที่ อบจ.ชร. กำหนด (สำนักช่าง) โดยวิธีเฉพาะเจาะจง",จ้างก่อสร้าง,องค์การบริหารส่วนจังหวัดเชียงราย,องค์การบริหารส่วนจังหวัดเชียงราย,เฉพาะเจาะจง,วิธีการจัดหา ประกาศเชิญชวนทั่วไป คัดเลือก เฉพาะเจาะจง,,2023-08-18,500000,491000,490000,0.9980,ระหว่างดำเนินการ,322/2566,2023-08-18,2023-10-17,60,ระหว่างดำเนินการ,ห้างหุ้นส่วนจำกัด วรรณวัฒน์ 2018,0573561001781,20.2371801445711,100.06410567934101,,,,โครงการโยนก66.csv
โยนก,เชียงแสน,เชียงราย,2566,66099596437,"จ้างขุดลอกห้วยเลาหลวง ใช้ประโยชน์ร่วมกันระหว่าง หมู่ที่ ๑, หมู่ที่ ๓ ตำบลโยนก อำเภอเชียงแสน จังหวัดเชียงราย สภาพเดิมพื้นที่โดยเฉลี่ย ๔-๑-๒๕ ไร่ (๖,๙๐๐.๐๐ ตารางเมตร) ลึกเฉลี่ย ๓.๕๐ เมตร ขุดลอกใหม่ให้มีพื้นที่โดยเฉลี่ย ๔-๑-๒๕ ไร่ (๖,๙๐๐.๐๐ ตารางเมตร) ลึกเฉลี่ย ๔.๕๐ เมตร หรือปริมาตรดินขุดไม่น้อยกว่า ๖,๙๐๐.๐๐ ลูกบาศก์เมตร รายละเอียดตามแบบแปลนและรายการที่ อบจ.ชร.กำหนด โดยวิธีเฉพาะเจาะจง",จ้างก่อสร้าง,องค์การบริหารส่วนจังหวัดเชียงราย,องค์การบริหารส่วนจังหวัดเชียงราย,เฉพาะเจาะจง,วิธีการจัดหา ประกาศเชิญชวนทั่วไป คัดเลือก เฉพาะเจาะจง,,2023-09-27,489900,491000,488000,0.9939,ระหว่างดำเนินการ,390/2566,2023-09-27,2023-11-11,45,ระหว่างดำเนินการ,ห้างหุ้นส่วนจำกัด รุ่งทรัพย์เจริญกิจการโยธา,0573559002511,20.2371801445711,100.06410567934101,,,,โครงการโยนก66.csv
โยนก,เชียงแสน,เชียงราย,2566,66099599752,"จ้างโครงการขุดลอกหนองป่าคาย้อย ใช้ประโยชน์ร่วมกันระหว่างหมู่ที่ 3, หมู่ที่ 6  ตำบลโยนก อำเภอเชียงแสน จังหวัดเชียงราย ขนา",,,,,,,,,,,,,,,,,,,,,,,,ไม่มีพิกัด; แถวถูกตัดกลางคันในไฟล์ต้นฉบับ ข้อมูลท้ายแถวหายไป,โครงการโยนก66.csv
โยนก,เชียงแสน,เชียงราย,2567,67069287728,ประกวดราคาจ้างก่อสร้างปรับปรุง/ซ่อมแซมระบบประปาหมู่บ้านแบบผิวดิน  บ้านสันธาตุใหม่พัฒนา หมู่ที่ 9 ด้วยวิธีประกวดราคาอิเล็กทรอนิกส์ (e-bidding),จ้างก่อสร้าง,เทศบาลตำบลโยนก,เทศบาลตำบลโยนก,ประกวดราคาอิเล็กทรอนิกส์ (e-bidding),วิธีการจัดหา ประกาศเชิญชวนทั่วไป คัดเลือก เฉพาะเจาะจง,2024-07-12,2024-09-02,970000,970000,848000,0.8742,ระหว่างดำเนินการ,26/2567,2024-09-02,2024-12-01,90,ระหว่างดำเนินการ,ห้างหุ้นส่วนจำกัด สัญชัยพานิชลำปาง,0523523000187,20.237180144571,100.06410567934,,,,โครงการโยนก67.csv
โยนก,เชียงแสน,เชียงราย,2567,67089407733,ซื้อชุดไฟฟ้าส่องสว่างระบบโซล่าเซลล์ตามโครงการติดตั้งไฟฟ้าส่องสว่างระบบโซล่าเซลล์เพื่อชุมชน โดยวิธีเฉพาะเจาะจง,ซื้อ,เทศบาลตำบลโยนก,เทศบาลตำบลโยนก,เฉพาะเจาะจง,วิธีการจัดหา ประกาศเชิญชวนทั่วไป คัดเลือก เฉพาะเจาะจง,,2024-08-21,495000,495000,492900,0.9958,ระหว่างดำเนินการ,6/2567,2024-08-21,2024-11-19,90,ระหว่างดำเนินการ,บริษัท พีเอพี คอนสตรัคชั่น 1988 จำกัด,0575566001039,,,,,ไม่มีพิกัด,โครงการโยนก67.csv
โยนก,เชียงแสน,เชียงราย,2567,67099581759,จ้างก่อสร้างถนนคอนกรีตเสริมเหล็ก รหัสทางหลวงท้องถิ่น ชร.ถ.๑๑๖-๐๓ ช่วงหมู่ที่ ๕ เชื่อม หมู่ที่ ๗ โดยวิธีเฉพาะเจาะจง,จ้างก่อสร้าง,เทศบาลตำบลโยนก,เทศบาลตำบลโยนก,เฉพาะเจาะจง,วิธีการจัดหา ประกาศเชิญชวนทั่วไป คัดเลือก เฉพาะเจาะจง,,2024-09-24,490000,490000,489000,0.9980,ระหว่างดำเนินการ,27/2567,2024-09-24,2024-11-23,60,ระหว่างดำเนินการ,บริษัท พีเอพี คอนสตรัคชั่น 1988 จำกัด,0575566001039,20.237180144571,100.06410567934,,,,โครงการโยนก67.csv
โยนก,เชียงแสน,เชียงราย,2567,67039515935,จ้างโครงการก่อสร้างถนนคอนกรีตเสริมเหล็ก สายในซอยหมู่บ้าน หมู่ที่ 7 โดยวิธีเฉพาะเจาะจง,จ้างก่อสร้าง,เทศบาลตำบลโยนก,เทศบาลตำบลโยนก,เฉพาะเจาะจง,วิธีการจัดหา ประกาศเชิญชวนทั่วไป คัดเลือก เฉพาะเจาะจง,,2024-03-29,484000,484000,483000,0.9979,ระหว่างดำเนินการ,5/2567,2024-03-29,2024-05-28,60,ระหว่างดำเนินการ,บริษัท พีเอพี คอนสตรัคชั่น 1988 จำกัด,0575566001039,20.2371801445711,100.06410567934101,,,,โครงการโยนก67.csv
โยนก,เชียงแสน,เชียงราย,2567,67099064376,ซื้อเตาเผาขยะ โดยวิธีเฉพาะเจาะจง,ซื้อ,เทศบาลตำบลโยนก,เทศบาลตำบลโยนก,เฉพาะเจาะจง,วิธีการจัดหา ประกาศเชิญชวนทั่วไป คัดเลือก เฉพาะเจาะจง,,2024-09-04,450000,450000,449000,0.9978,ระหว่างดำเนินการ,7/2567,2024-09-04,2024-11-03,60,ระหว่างดำเนินการ,บริษัท พลอยไพลิน กรีน เวิลด์ จำกัด,0505557009090,,,,,ไม่มีพิกัด,โครงการโยนก67.csv
โยนก,เชียงแสน,เชียงราย,2567,67059189656,จ้างโครงการก่อสร้างถนนคอนกรีตเสริมเหล็กต่อจากถนนคอนกรีตเสริมเหล็กหน้าสำนักสงฆ์สันป่าสักไปหน้าบ้านนายสุคำ บ้านดอยจัน หมู่ที่ 1 โดยวิธีเฉพาะเจาะจง,จ้างก่อสร้าง,เทศบาลตำบลโยนก,เทศบาลตำบลโยนก,เฉพาะเจาะจง,วิธีการจัดหา ประกาศเชิญชวนทั่วไป คัดเลือก เฉพาะเจาะจง,,2024-05-27,427800,427800,425000,0.9935,ระหว่างดำเนินการ,17/2567,2024-05-27,2024-08-25,90,ระหว่างดำเนินการ,นายกรรฐวรรธน์ เครื่องสีมา,157070015xxxx,20.2371801445711,100.06410567934101,,,TIN ถูกปกปิดบางส่วนในต้นฉบับ,โครงการโยนก67.csv
โยนก,เชียงแสน,เชียงราย,2567,67089421222,จ้างก่อสร้างโครงการก่อสร้างศาลาอเนกประสงค์ บ้านสันธาตุ หมู่ที่ ๔  โดยวิธีเฉพาะเจาะจง,จ้างก่อสร้าง,เทศบาลตำบลโยนก,เทศบาลตำบลโยนก,เฉพาะเจาะจง,วิธีการจัดหา ประกาศเชิญชวนทั่วไป คัดเลือก เฉพาะเจาะจง,,2024-08-21,406000,406000,405000,0.9975,ระหว่างดำเนินการ,25/2567,2024-08-21,2024-11-19,90,ระหว่างดำเนินการ,บริษัท พีเอพี คอนสตรัคชั่น 1988 จำกัด,0575566001039,20.2371801445711,100.06410567934101,,,,โครงการโยนก67.csv
โยนก,เชียงแสน,เชียงราย,2567,67039437943,จ้างโครงการก่อสร้างถนนคอนกรีต สายดอยจอมหมอก จำนวน 2 จุด บ้านกู่เต้า หมู่ที่ 3 โดยวิธีเฉพาะเจาะจง,จ้างก่อสร้าง,เทศบาลตำบลโยนก,เทศบาลตำบลโยนก,เฉพาะเจาะจง,วิธีการจัดหา ประกาศเชิญชวนทั่วไป คัดเลือก เฉพาะเจาะจง,,2024-04-01,400000,400000,399000,0.9975,ระหว่างดำเนินการ,6/2567,2024-04-01,2024-05-31,60,ระหว่างดำเนินการ,บริษัท งามการ คอนสตรัคชั่น จำกัด,0575560004311,20.2371801445711,100.06410567934101,,,,โครงการโยนก67.csv
โยนก,เชียงแสน,เชียงราย,2567,67079427291,จ้างก่อสร้างโดมหน้าเมรุสุสาน บ้านสันธาตุใหม่พัฒนา  หมู่ที่ ๙ โดยวิธีเฉพาะเจาะจง,จ้างก่อสร้าง,เทศบาลตำบลโยนก,เทศบาลตำบลโยนก,เฉพาะเจาะจง,วิธีการจัดหา ประกาศเชิญชวนทั่วไป คัดเลือก เฉพาะเจาะจง,,2024-07-30,300000,300000,300000,1.0000,ระหว่างดำเนินการ,22/2567,2024-07-30,2024-09-28,60,ระหว่างดำเนินการ,ห้างหุ้นส่วนจำกัด เอ็ม.อาร์.คอนสตรัคชั่นแอนด์เอ็นจิเนียริ่ง,0573567002118,20.2371801445711,100.06410567934101,,,,โครงการโยนก67.csv
โยนก,เชียงแสน,เชียงราย,2567,67079568390,จ้างก่อสร้างโดมหน้าเมรุ สุสานบ้านดอยจัน  หมู่ที่ ๑ โดยวิธีเฉพาะเจาะจง,จ้างก่อสร้าง,เทศบาลตำบลโยนก,เทศบาลตำบลโยนก,เฉพาะเจาะจง,วิธีการจัดหา ประกาศเชิญชวนทั่วไป คัดเลือก เฉพาะเจาะจง,,2024-07-30,300000,300000,300000,1.0000,ระหว่างดำเนินการ,23/2567,2024-07-30,2024-09-28,60,ระหว่างดำเนินการ,ห้างหุ้นส่วนจำกัด บวรภพ บิลดิ้งโฮม,0573554002297,20.2371801445711,100.06410567934101,,,,โครงการโยนก67.csv
โยนก,เชียงแสน,เชียงราย,2567,67039440652,จ้างโครงการก่อสร้างถนนคอนกรีตเสริมเหล็ก ภายในหมู่บ้าน แยกจากสายทาง ชร.ถ1116-03 (บ้านนายคำพู สร้างแก้ว) บ้านทุ่งฟ้าฮ่าม หมู่ที่ 5 โดยวิธีเฉพาะเจาะจง,จ้างก่อสร้าง,เทศบาลตำบลโยนก,เทศบาลตำบลโยนก,เฉพาะเจาะจง,วิธีการจัดหา ประกาศเชิญชวนทั่วไป คัดเลือก เฉพาะเจาะจง,,2024-03-29,300000,300000,299000,0.9967,ระหว่างดำเนินการ,4/2567,2024-03-29,2024-05-28,60,ระหว่างดำเนินการ,นายสมบูรณ์  นันต๊ะ,357080034xxxx,20.2371801445711,100.06410567934101,,,TIN ถูกปกปิดบางส่วนในต้นฉบับ,โครงการโยนก67.csv
โยนก,เชียงแสน,เชียงราย,2567,67059208550,จ้างโครงการก่อสร้างถนนคอนกรีตเสริมเหล็ก ภายในหมู่บ้าน ซอย 14 บ้านร่องบง หมู่ที่ 2 โดยวิธีเฉพาะเจาะจง,จ้างก่อสร้าง,เทศบาลตำบลโยนก,เทศบาลตำบลโยนก,เฉพาะเจาะจง,วิธีการจัดหา ประกาศเชิญชวนทั่วไป คัดเลือก เฉพาะเจาะจง,,2024-05-27,160000,153000,153000,1.0000,ระหว่างดำเนินการ,15/2567,2024-05-27,2024-07-26,60,ระหว่างดำเนินการ,ห้างหุ้นส่วนจำกัด เอคซ์เพิร์ท ดีไซน์,0573559002805,20.2371801445711,100.06410567934101,,,,โครงการโยนก67.csv
โยนก,เชียงแสน,เชียงราย,2567,67059205110,จ้างโครงการก่อสร้างถนนคอนกรีตเสริมเหล็ก ภายในหมู่บ้าน ซอย 6 บ้านร่องบง หมู่ที่ 2 โดยวิธีเฉพาะเจาะจง,จ้างก่อสร้าง,เทศบาลตำบลโยนก,เทศบาลตำบลโยนก,เฉพาะเจาะจง,วิธีการจัดหา ประกาศเชิญชวนทั่วไป คัดเลือก เฉพาะเจาะจง,,2024-05-27,73000,73000,73000,1.0000,ระหว่างดำเนินการ,14/2567,2024-05-27,2024-07-26,60,ระหว่างดำเนินการ,ห้างหุ้นส่วนจำกัด เอคซ์เพิร์ท ดีไซน์,0573559002805,20.2371801445711,100.06410567934101,,,,โครงการโยนก67.csv
โยนก,เชียงแสน,เชียงราย,2567,67039433894,จ้างโครงการก่อสร้างถนนคอนกรีตเสริมเหล็กภายในหมู่บ้าน แยกจากสายทาง ชร.4004 (ระหว่าง ซอย 1 กัยซอย 3 สายทางที่ 1) หมู่ที่ 6 โดยวิธีเฉพาะเจาะจง,จ้างก่อสร้าง,เทศบาลตำบลโยนก,เทศบาลตำบลโยนก,เฉพาะเจาะจง,วิธีการจัดหา ประกาศเชิญชวนทั่วไป คัดเลือก เฉพาะเจาะจง,,2024-03-29,73000,73000,73000,1.0000,ระหว่างดำเนินการ,2/2567,2024-03-29,2024-05-13,45,ระหว่างดำเนินการ,นายสมบูรณ์  นันต๊ะ,357080034xxxx,20.2371801445711,100.06410567934101,,,TIN ถูกปกปิดบางส่วนในต้นฉบับ,โครงการโยนก67.csv
โยนก,เชียงแสน,เชียงราย,2567,67039592271,จ้างโครงการก่อสร้างถนนคอนกรีตเสริมเหล็ก ภายในหมู่บ้าน แยกจากสายทาง ชร.4004 (ระหว่าง ซอย 1 กับซอย 3 สายทางที่ 2) หมู่ที่ 6 โดยวิธีเฉพาะเจาะจง,จ้างก่อสร้าง,เทศบาลตำบลโยนก,เทศบาลตำบลโยนก,เฉพาะเจาะจง,วิธีการจัดหา ประกาศเชิญชวนทั่วไป คัดเลือก เฉพาะเจาะจง,,2024-03-29,73000,73000,73000,1.0000,ระหว่างดำเนินการ,3/2567,2024-03-29,2024-05-13,45,ระหว่างดำเนินการ,นายสมบูรณ์  นันต๊ะ,357080034xxxx,20.2371801445711,100.06410567934101,,,TIN ถูกปกปิดบางส่วนในต้นฉบับ,โครงการโยนก67.csv
โยนก,เชียงแสน,เชียงราย,2567,67059344601,จ้างซ่อมแซมแมกเนติกตู้ควบคุมมอเตอร์ ของสถานีสูบน้ำด้วยพลังงานไฟฟ้า  แห่งที่ 2 บ้านสันธาตุใหม่พัฒนา หมู่ที่ 9   โดยวิธีเฉพาะเจาะจง,จ้างทำของ/จ้างเหมาบริการ,เทศบาลตำบลโยนก,เทศบาลตำบลโยนก,เฉพาะเจาะจง,วิธีการจัดหา ประกาศเชิญชวนทั่วไป คัดเลือก เฉพาะเจาะจง,,2024-05-20,72500,72500,72500,1.0000,ระหว่างดำเนินการ,119/2567,2024-05-20,2024-06-19,30,ระหว่างดำเนินการ,ร้านนุชนาถ,357010002xxxx,,,,,ไม่มีพิกัด; TIN ถูกปกปิดบางส่วนในต้นฉบับ,โครงการโยนก67.csv
โยนก,เชียงแสน,เชียงราย,2568,68049059897,จ้างโครงการปรับปรุงระบบประปาหมู่บ้าน (งานติดตั้งถังแชมเปญ) บ้านโค้งงาม หมู่ที่ 7 โดยวิธีคัดเลือก,จ้างก่อสร้าง,เทศบาลตำบลโยนก,เทศบาลตำบลโยนก,คัดเลือก,วิธีการจัดหา ประกาศเชิญชวนทั่วไป คัดเลือก เฉพาะเจาะจง,,2025-06-13,777000,799000,768000,0.9612,ระหว่างดำเนินการ,15/2568,2025-06-13,2025-10-11,120,ระหว่างดำเนินการ,ห้างหุ้นส่วนจำกัด ท.การช่าง  2017,0623560000399,20.2371801445711,100.06410567934101,,,,โครงการโยนก68.csv
โยนก,เชียงแสน,เชียงราย,2568,67119098693,ประกวดราคาจ้างก่อสร้างโครงการก่อสร้างถนนคอนกรีตเสริมเหล็ก รหัสสายทาง ชร.ถ.116-45 ซอยบ่อขยะ หมู่ที่ 2 ด้วยวิธีประกวดราคาอิเล็กทรอนิกส์ (e-bidding),จ้างก่อสร้าง,เทศบาลตำบลโยนก,เทศบาลตำบลโยนก,ประกวดราคาอิเล็กทรอนิกส์ (e-bidding),วิธีการจัดหา ประกาศเชิญชวนทั่วไป คัดเลือก เฉพาะเจาะจง,2024-12-23,2025-02-25,796000,796000,680000,0.8543,ระหว่างดำเนินการ,6/2568,2025-02-25,2025-05-26,90,ระหว่างดำเนินการ,ห้างหุ้นส่วนจำกัด บวรภพ บิลดิ้งโฮม,0573554002297,20.2371801445711,100.06410567934101,,,,โครงการโยนก68.csv
โยนก,เชียงแสน,เชียงราย,2568,67119099700,ประกวดราคาจ้างก่อสร้างโครงการปรับปรุงระบบประปาหมู่บ้าน บ้านทุ่งฟ้าฮ่าม หมู่ที่ ๕ ด้วยวิธีประกวดราคาอิเล็กทรอนิกส์ (e-bidding),จ้างก่อสร้าง,เทศบาลตำบลโยนก,เทศบาลตำบลโยนก,ประกวดราคาอิเล็กทรอนิกส์ (e-bidding),วิธีการจัดหา ประกาศเชิญชวนทั่วไป คัดเลือก เฉพาะเจาะจง,2025-01-28,2025-03-12,823000,823000,678900,0.8249,ระหว่างดำเนินการ,8/2568,2025-03-12,2025-06-10,90,ระหว่างดำเนินการ,ห้างหุ้นส่วนจำกัด หงาวซีเมนต์บล็อก,0573552001722,20.2371801445711,100.06410567934101,,,,โครงการโยนก68.csv
โยนก,เชียงแสน,เชียงราย,2568,68019387677,จ้างโครงการก่อสร้างถนนคอนกรีตเสริมเหล็ก รหัสสายทางหลวงท้องถิ่น ชร.ถ.๑๑๖-๐๓ ช่วงหมู่ที่ ๕ เชื่อม หมู่ที่ ๗ ตำบลโยนก อำเภอเชียงแสน จังหวัดเชียงราย โดยวิธีเฉพาะเจาะจง,จ้างก่อสร้าง,เทศบาลตำบลโยนก,เทศบาลตำบลโยนก,เฉพาะเจาะจง,วิธีการจัดหา ประกาศเชิญชวนทั่วไป คัดเลือก เฉพาะเจาะจง,,2025-01-22,499200,497500,496500,0.9980,ระหว่างดำเนินการ,2/2568,2025-01-22,2025-03-23,60,ระหว่างดำเนินการ,บริษัท พีเอพี คอนสตรัคชั่น 1988 จำกัด,0575566001039,20.2371801445711,100.06410567934101,,,,โครงการโยนก68.csv
โยนก,เชียงแสน,เชียงราย,2568,68019384895,ซื้อชุดไฟฟ้าส่องสว่างระบบโซล่าเซลล์ ภายในตำบลโยนก อำเภอเชียงแสน จังหวัดเชียงราย โดยวิธีเฉพาะเจาะจง,ซื้อ,เทศบาลตำบลโยนก,เทศบาลตำบลโยนก,เฉพาะเจาะจง,วิธีการจัดหา ประกาศเชิญชวนทั่วไป คัดเลือก เฉพาะเจาะจง,,2025-01-22,493000,493000,488400,0.9907,ระหว่างดำเนินการ,3/2568,2025-01-22,2025-03-23,60,ระหว่างดำเนินการ,บริษัท พีเอพี คอนสตรัคชั่น 1988 จำกัด,0575566001039,,,,,ไม่มีพิกัด,โครงการโยนก68.csv
โยนก,เชียงแสน,เชียงราย,2568,68059162940,จ้างก่อสร้างถนนคอนกรีตเสริมเหล็ก ซอย 6 บ้านสันต้นเปา หมู่ที่ 6 โดยวิธีเฉพาะเจาะจง,จ้างก่อสร้าง,เทศบาลตำบลโยนก,เทศบาลตำบลโยนก,เฉพาะเจาะจง,วิธีการจัดหา ประกาศเชิญชวนทั่วไป คัดเลือก เฉพาะเจาะจง,,2025-05-14,482500,497000,482000,0.9698,ระหว่างดำเนินการ,9/2568,2025-05-14,2025-07-13,60,ระหว่างดำเนินการ,บริษัท พีเอพี คอนสตรัคชั่น 1988 จำกัด,0575566001039,20.2371801445711,100.06410567934101,,,,โครงการโยนก68.csv
โยนก,เชียงแสน,เชียงราย,2568,68019366877,จ้างโครงการก่อสร้างรางระบายน้ำคอนกรีตเสริมเหล็ก ซอย ๓ บ้านดอยจัน หมู่ที่ ๑ โดยวิธีเฉพาะเจาะจง,จ้างก่อสร้าง,เทศบาลตำบลโยนก,เทศบาลตำบลโยนก,เฉพาะเจาะจง,วิธีการจัดหา ประกาศเชิญชวนทั่วไป คัดเลือก เฉพาะเจาะจง,,2025-01-22,480000,480000,479000,0.9979,ระหว่างดำเนินการ,1/2568,2025-01-22,2025-04-22,90,ระหว่างดำเนินการ,บริษัท พีเอพี คอนสตรัคชั่น 1988 จำกัด,0575566001039,20.2371801445711,100.06410567934101,,,,โครงการโยนก68.csv
โยนก,เชียงแสน,เชียงราย,2568,68089284849,จ้างก่อสร้างถนนคอนกรีตเสริมเหล็ก  สายเลียบหนองแกลบ (รหัสสายทาง ชร.ถ.๑๑๖-๐๔) โดยวิธีเฉพาะเจาะจง,จ้างก่อสร้าง,เทศบาลตำบลโยนก,เทศบาลตำบลโยนก,เฉพาะเจาะจง,วิธีการจัดหา ประกาศเชิญชวนทั่วไป คัดเลือก เฉพาะเจาะจง,,2025-08-18,474100,474100,474100,1.0000,ระหว่างดำเนินการ,19/2568,2025-08-18,2025-11-16,90,ระหว่างดำเนินการ,บริษัท พีเอพี คอนสตรัคชั่น 1988 จำกัด,0575566001039,20.2371801445711,100.06410567934101,,,,โครงการโยนก68.csv
โยนก,เชียงแสน,เชียงราย,2568,68089304555,จ้างก่อสร้างถนนคอนกรีตเสริมเหล็กทางเข้าโรงเรียนศาสตร์พระราชา  หมู่ที่ 3 โดยวิธีเฉพาะเจาะจง,จ้างก่อสร้าง,เทศบาลตำบลโยนก,เทศบาลตำบลโยนก,เฉพาะเจาะจง,วิธีการจัดหา ประกาศเชิญชวนทั่วไป คัดเลือก เฉพาะเจาะจง,,2025-08-19,447000,447000,447000,1.0000,ระหว่างดำเนินการ,21/2568,2025-08-19,2025-11-17,90,ระหว่างดำเนินการ,ห้างหุ้นส่วนจำกัด เชาวนพาณิชย์ 2021,0573566002581,20.2371801445711,100.06410567934101,,,,โครงการโยนก68.csv
โยนก,เชียงแสน,เชียงราย,2568,68019397522,จ้างโครงการก่อสร้างถนนคอนกรีตเสริมเหล็ก ซอย ๓ หมู่ที่ ๗ ตำบลโยนก อำเภอเชียงแสน จังหวัดเชียงราย  โดยวิธีเฉพาะเจาะจง,จ้างก่อสร้าง,เทศบาลตำบลโยนก,เทศบาลตำบลโยนก,เฉพาะเจาะจง,วิธีการจัดหา ประกาศเชิญชวนทั่วไป คัดเลือก เฉพาะเจาะจง,,2025-01-27,437600,436800,435800,0.9977,ระหว่างดำเนินการ,3/2568,2025-01-27,2025-03-28,60,ระหว่างดำเนินการ,ห้างหุ้นส่วนจำกัด เอคซ์เพิร์ท ดีไซน์,0573559002805,20.2371801445711,100.06410567934101,,,,โครงการโยนก68.csv
โยนก,เชียงแสน,เชียงราย,2568,68059154951,จ้างก่อสร้างรางระบายน้ำคอนกรีตเสริมเหล็กเข้าพื้นที่การเกษตร บ้านโค้งงาม หมู่ที่ 7 โดยวิธีเฉพาะเจาะจง,จ้างก่อสร้าง,เทศบาลตำบลโยนก,เทศบาลตำบลโยนก,เฉพาะเจาะจง,วิธีการจัดหา ประกาศเชิญชวนทั่วไป คัดเลือก เฉพาะเจาะจง,,2025-05-14,328000,328000,327000,0.9970,ระหว่างดำเนินการ,10/2568,2025-05-14,2025-08-12,90,ระหว่างดำเนินการ,บริษัท พีเอพี คอนสตรัคชั่น 1988 จำกัด,0575566001039,20.2371801445711,100.06410567934101,,,,โครงการโยนก68.csv
โยนก,เชียงแสน,เชียงราย,2568,68099146425,จ้างวางท่อระบายน้ำคอนกรีตเสริมเหล็ก สามแยกท้ายหมู่บ้าน บ้านโค้งงาม หมู่ที่ 7 โดยวิธีเฉพาะเจาะจง โดยวิธีเฉพาะเจาะจง,จ้างทำของ/จ้างเหมาบริการ,เทศบาลตำบลโยนก,เทศบาลตำบลโยนก,เฉพาะเจาะจง,วิธีการจัดหา ประกาศเชิญชวนทั่วไป คัดเลือก เฉพาะเจาะจง,,2025-09-11,40000,40000,40000,1.0000,ระหว่างดำเนินการ,191/2568,2025-09-11,2025-09-18,7,ระหว่างดำเนินการ,นายชนธวัช วงศ์ษา,110370066xxxx,,,,,ไม่มีพิกัด; TIN ถูกปกปิดบางส่วนในต้นฉบับ,โครงการโยนก68.csv
โยนก,เชียงแสน,เชียงราย,2568,67119089672,ประกวดราคาจ้างก่อสร้างโครงการก่อสร้างถนนคอนกรีตเสริมเหล็ก รหัสสายทาง ชร.ถ.116-100 ซอย 12 (สายดอยหนองคัน) หมู่ที่ 4 ด้วยวิธีประกวดราคาอิเล็กทรอนิกส์ (e-bidding),จ้างก่อสร้าง,เทศบาลตำบลโยนก,เทศบาลตำบลโยนก,ประกวดราคาอิเล็กทรอนิกส์ (e-bidding),วิธีการจัดหา ประกาศเชิญชวนทั่วไป คัดเลือก เฉพาะเจาะจง,2024-12-17,2025-02-25,1405300,1516198.46,1210000,0.7980,ระหว่างดำเนินการ,7/2568,2025-02-25,2025-05-26,90,ระหว่างดำเนินการ,ห้างหุ้นส่วนจำกัด ศรีวงค์วรรณ์,0573546005789,20.2371801445711,100.06410567934101,,,,โครงการโยนก68.csv
โยนก,เชียงแสน,เชียงราย,2568,67119279814,ประกวดราคาจ้างก่อสร้างโครงการก่อสร้างถนนคอนกรีตเสริมเหล็ก เข้าพื้นที่การเกษตรนาปงกลาง หมู่ที่ 9 ด้วยวิธีประกวดราคาอิเล็กทรอนิกส์ (e-bidding),จ้างก่อสร้าง,เทศบาลตำบลโยนก,เทศบาลตำบลโยนก,ประกวดราคาอิเล็กทรอนิกส์ (e-bidding),วิธีการจัดหา ประกาศเชิญชวนทั่วไป คัดเลือก เฉพาะเจาะจง,2024-12-17,2025-02-06,1116500,1163833.54,940000,0.8077,ระหว่างดำเนินการ,4/2568,2025-02-06,2025-05-07,90,ระหว่างดำเนินการ,ห้างหุ้นส่วนจำกัด ศรีวงค์วรรณ์,0573546005789,20.2371801445711,100.06410567934101,,,,โครงการโยนก68.csv
